Date,Close,High,Low,Open,Volume
,CTA,CTA,CTA,CTA,CTA
2022-03-08,20.975217819213867,21.10384979601254,20.912977765565916,21.078952824831017,22000
2022-03-09,20.493059158325195,20.9594519971403,20.342851064545464,20.9594519971403,17600
2022-03-10,20.73040008544922,20.73040008544922,20.506332126471413,20.597619424470594,3400
2022-03-11,20.731233596801758,20.731233596801758,20.556128544763983,20.622518883273546,7400
2022-03-14,20.161937713623047,20.53123411623478,20.12044434049369,20.53123411623478,9500
2022-03-15,20.10799789428711,20.265675583553435,20.10799789428711,20.11214818190701,4200
2022-03-16,20.068992614746094,20.116295125950302,20.04160578403885,20.116295125950302,2400
2022-03-17,20.147825241088867,20.298862732887276,20.137867403519138,20.298862732887276,1400
2022-03-18,19.868160247802734,20.099696247696265,19.868160247802734,20.099696247696265,3700
2022-03-21,20.141191482543945,20.19928283938705,19.933721446463856,20.11629450838086,4400
2022-03-22,20.00840950012207,20.099695233778167,19.976042960929064,20.099695233778167,3300
2022-03-23,20.12126922607422,20.16608186900122,20.107990526575275,20.16608186900122,1400
2022-03-24,20.09637451171875,20.157786723059036,19.975212103108678,20.13288975228293,4200
2022-03-25,20.120441436767578,20.141188120338153,20.083096773192345,20.083096773192345,3400
2022-03-28,20.01836585998535,20.074798360475807,20.01836585998535,20.074798360475807,3200
2022-03-29,19.89222526550293,19.917122238134034,19.89222526550293,19.917122238134034,2000
2022-03-30,20.053218841552734,20.107990905854653,20.053218841552734,20.107990905854653,2400
2022-03-31,19.973552703857422,20.174382564244652,19.973552703857422,20.174382564244652,1900
2022-04-01,20.060691833496094,20.12459232228471,20.025006014329897,20.03330500523202,36600
2022-04-04,20.041601181030273,20.18268084080856,20.041601181030273,20.14118747499689,4200
2022-04-05,20.11214256286621,20.11214256286621,20.11214256286621,20.11214256286621,100
2022-04-06,20.24741554260254,20.24741554260254,20.16608606341983,20.16608606341983,700
2022-04-07,20.323760986328125,20.332059976262894,20.323760986328125,20.332059976262894,300
2022-04-08,20.254884719848633,20.33206391661588,20.249075584055532,20.33206391661588,6600
2022-04-11,20.44658660888672,20.456544448443733,20.398453093851067,20.42335006704965,3500
2022-04-12,20.323760986328125,20.42251627567206,20.323760986328125,20.42251627567206,4100
2022-04-13,20.556129455566406,20.58102484431648,20.315463478511713,20.390152810503128,6200
2022-04-14,20.826669692993164,20.863183350453998,20.498037278622455,20.498037278622455,2800
2022-04-18,21.078956604003906,21.17854292371391,20.875636842949316,20.921278923992595,14000
2022-04-19,20.810070037841797,20.904676619129468,20.705505618830877,20.904676619129468,4000
2022-04-20,20.705509185791016,20.74700255775826,20.647416249017922,20.74700255775826,4500
2022-04-21,20.776050567626953,20.821694231638602,20.734557191000466,20.788498264040726,4600
2022-04-22,20.97355842590332,21.020860928761525,20.912977222185873,20.979367560741014,2800
2022-04-25,21.236631393432617,21.286423755074804,21.144514653815726,21.144514653815726,90300
2022-04-26,21.230819702148438,21.286421192336014,21.107996869822728,21.107996869822728,7600
2022-04-27,21.476463317871094,22.377713324746768,21.267334478967495,21.319616688693394,8200
2022-04-28,21.457378387451172,21.609245315660672,21.452398676826775,21.535386994794504,8400
2022-04-29,21.762775421142578,21.800949511272194,20.954471471923377,21.626673875937747,18100
2022-05-02,21.859041213989258,22.033315269258647,21.784351880910773,21.90883357508471,21700
2022-05-03,21.859041213989258,21.90883357508471,21.792650871571784,21.86734020465027,11700
2022-05-04,21.668167114257812,22.406759801185757,21.618373175032882,22.008417784609144,15000
2022-05-05,21.846593856811523,21.99182223844545,21.643272539653378,21.643272539653378,9900
2022-05-06,21.834144592285156,21.917132917356014,21.659870534219937,21.883938537050057,95600
2022-05-09,21.834144592285156,23.950339758674087,21.71381318294659,21.93373089894431,167000
2022-05-10,22.037466049194336,22.058212734875838,21.643272689763148,21.643272689763148,25700
2022-05-11,22.12211036682129,22.17439257782141,21.917130226273155,22.0416119071597,22500
2022-05-12,22.5146484375,23.72544489104319,22.32377637725588,22.39016672790039,66400
2022-05-13,22.365270614624023,22.58103806010902,22.282282283276306,22.431660963128042,55800
2022-05-16,22.257383346557617,23.195148717222928,22.099705689186607,22.431658985308864,62700
2022-05-17,22.170246124267578,22.30717551227762,22.116303476689993,22.215889781227794,82900
2022-05-18,22.150325775146484,22.323770381117058,22.132898372140936,22.249081058844595,14500
2022-05-19,22.11713218688965,22.40676109346452,22.03331444209189,22.066510403489705,20900
2022-05-20,22.10385513305664,22.771908820864656,21.859040457081107,22.025017098812867,69700
2022-05-23,22.173564910888672,22.20759029680211,21.95862533242889,21.983522303727387,37800
2022-05-24,22.02501678466797,22.190991841161846,21.933729474730484,22.174393860651293,120100
2022-05-25,22.27149200439453,22.41506153930853,22.15779915325268,22.32377422240747,9100
2022-05-26,22.199291229248047,22.49804855230978,22.164436419273585,22.431658211948346,33500
2022-05-27,22.24078369140625,22.26568066160294,21.96692335072469,21.99182032092138,27600
2022-05-31,22.008420944213867,22.15779961759303,21.834145297647943,22.116304662281763,68900
2022-06-01,21.933732986450195,22.091410660804463,21.726262945462768,22.091410660804463,30700
2022-06-02,21.618377685546875,22.442448715497157,21.410907644100664,21.71796400190421,43500
2022-06-03,21.676467895507812,21.78435160700324,21.56028361058512,21.57688159169845,112600
2022-06-06,21.767751693725586,21.77605068354561,21.601776645936503,21.742856307135977,78300
2022-06-07,21.883935928344727,21.95862367084753,21.76775165394718,21.76775165394718,30800
2022-06-08,21.70136260986328,21.908832618720233,21.622524576331035,21.883937230694553,30200
2022-06-09,21.767751693725586,21.767751693725586,21.410903045816895,21.419202035636918,13600
2022-06-10,21.85074234008789,21.867340321498606,21.659870302476552,21.842443349382535,41700
2022-06-13,22.041614532470703,22.108004875709113,21.95862620770503,21.991822170759555,13500
2022-06-14,21.983522415161133,22.066510737039536,21.908833083757628,22.066510737039536,52000
2022-06-15,21.893896102905273,21.991821977034604,21.834144319655863,21.991821977034604,13800
2022-06-16,21.809247970581055,21.950327640369512,21.65986931046733,21.78435099960525,108700
2022-06-17,21.928752899169922,21.948670162056057,21.742860556060354,21.792652921840308,10200
2022-06-21,21.576881408691406,21.86733974422868,20.10799333290309,21.734559062189454,326800
2022-06-22,21.92542839050293,21.92542839050293,21.817544693228793,21.817544693228793,95600
2022-06-23,22.24078369140625,22.297216190703878,21.97937262725829,21.99182032092138,37400
2022-06-24,22.315475463867188,22.61423280747539,22.290580073813622,22.298879064788373,70500
2022-06-27,22.323772430419922,22.506347049566312,22.323772430419922,22.44825411801121,11500
2022-06-28,22.398462295532227,22.47315162644838,22.15779790481284,22.31547397419532,51300
2022-06-29,22.439952850341797,22.448250256266025,22.074805257735452,22.23248287909028,23200
2022-06-30,22.77191162109375,22.82170398658795,22.42336189689285,22.63913092452872,12600
2022-07-01,23.0291690826416,23.186846719564308,22.863192456105025,23.186846719564308,41200
2022-07-05,23.983531951904297,24.04162329929531,23.40261689512366,23.5768909372967,57600
2022-07-06,24.025026321411133,24.52710333500751,23.48560306211404,23.966933392553713,56500
2022-07-07,23.651580810546875,25.033331817677734,23.510501142397214,23.65987980077574,29700
2022-07-08,23.444110870361328,23.610087509671395,23.236640862659016,23.610087509671395,21000
2022-07-11,23.568592071533203,23.578551492778747,23.377720048279002,23.38601903836012,224800
2022-07-12,23.975234985351562,23.975234985351562,23.68477822388225,23.68477822388225,24900
2022-07-13,23.92959213256836,24.099719074108993,23.693076428633816,24.025029737827488,58700
2022-07-14,24.273990631103516,24.796814348233482,24.153657648086043,24.34038096951479,55800
2022-07-15,24.149511337280273,24.332084390283782,24.083120992290755,24.265694045294264,34600
2022-07-18,23.825857162475586,24.008431799438142,23.74120998654232,24.008431799438142,46800
2022-07-19,24.074819564819336,24.10801394251932,23.93373989813572,23.942038888278347,18400
2022-07-20,24.31548500061035,24.31548500061035,23.979384591064857,24.000131275884733,22700
2022-07-21,24.224199295043945,24.323784015427123,24.17855563867224,24.319635311607236,33000
2022-07-22,24.28229331970215,24.348683668225345,23.98353595991239,24.141213631231516,55500
2022-07-25,24.489761352539062,24.522955732648764,24.207601998688734,24.207601998688734,44900
2022-07-26,24.38602638244629,24.431670040183644,24.311337048488912,24.431670040183644,191200
2022-07-27,24.132911682128906,24.398473043675047,24.081458891326992,24.224198993736856,47200
2022-07-28,23.651580810546875,23.942039137075067,23.560293500899878,23.942039137075067,76400
2022-07-29,23.610088348388672,23.783532977078053,23.502203054143482,23.576892386199198,48900
2022-08-01,23.585189819335938,23.701372513585955,23.560292849337863,23.622534482897798,42300
2022-08-02,23.825857162475586,23.825857162475586,23.659882090447717,23.659882090447717,36800
2022-08-03,23.80925750732422,23.85904986383632,23.70137222153245,23.85904986383632,26400
2022-08-04,23.84245491027832,23.900546264060843,23.7843635564958,23.7843635564958,39600
2022-08-05,23.717971801757812,23.91714282411626,23.717971801757812,23.809259113915235,23900
2022-08-08,23.84245491027832,23.850753901228778,23.771915861505455,23.84245491027832,110500
2022-08-09,23.875652313232422,23.883951304683116,23.82170966023829,23.850755338880337,19200
2022-08-10,23.734569549560547,24.066521250231,23.551994927038873,23.659880219050873,75800
2022-08-11,23.643285751342773,23.69307811812411,23.56029741812668,23.69307811812411,46400
2022-08-12,23.63498306274414,23.65988003367582,23.56029373281966,23.585190703751337,15100
2022-08-15,23.58602523803711,23.6681841519027,23.514655172199802,23.6681841519027,26900
2022-08-16,23.80925750732422,23.850750873939223,23.618383905431966,23.643280875123253,193600
2022-08-17,23.925445556640625,24.008433891320777,23.86735419722577,23.94204354015082,99100
2022-08-18,23.95863914489746,23.98353453482016,23.850753845663544,23.90884519931073,55800
2022-08-19,23.95863914489746,24.03332689753622,23.892248800319155,24.03332689753622,31700
2022-08-22,24.23249626159668,24.257391648177855,24.09390645567721,24.1744033328762,60000
2022-08-23,24.037477493286133,24.315486570132745,23.921294784498972,24.315486570132745,143800
2022-08-24,24.049922943115234,24.979389275249932,24.004279288104215,24.049922943115234,76600
2022-08-25,24.074819564819336,24.10635509421311,23.977723121308173,24.041623604248826,50800
2022-08-26,24.124874114990234,24.149900490743235,23.958034792165634,23.958034792165634,11800
2022-08-29,24.250001907348633,24.27502828216847,24.110691762156566,24.224977123626434,113500
2022-08-30,24.39181137084961,24.483573141006115,24.224973669134727,24.283366944289806,72100
2022-08-31,24.60870361328125,24.64207211072099,24.42684912086875,24.471060947988622,99200
2022-09-01,24.717147827148438,24.83393597604758,24.633729766488717,24.83393597604758,204200
2022-09-02,24.258346557617188,24.54197247071068,24.158242639014507,24.54197247071068,194700
2022-09-06,24.416839599609375,24.51110258207436,24.275860402368977,24.341762071242066,99800
2022-09-07,23.983060836791992,24.333422137008164,23.983060836791992,24.27502885215508,41700
2022-09-08,24.058137893676758,24.206623899508298,24.01642885992444,24.083164268586742,300800
2022-09-09,24.116531372070312,24.214132484799798,23.991402678705487,24.124873497107654,58000
2022-09-12,23.99140167236328,24.041452829390234,23.81622023612255,23.916324141274053,258200
2022-09-13,24.550315856933594,24.567000109406912,24.283374181752052,24.416845019342823,75600
2022-09-14,24.750520706176758,24.775547083463913,24.56699871269771,24.683785291175486,239400
2022-09-15,24.74217414855957,24.783883178802707,24.617045466732645,24.683780869780172,126700
2022-09-16,24.650409698486328,24.767197834472775,24.646239432353436,24.73132654490159,189100
2022-09-19,24.817249298095703,24.858958324342634,24.767198148379915,24.84227566850228,402400
2022-09-20,24.792226791381836,24.833937415226433,24.72549138432809,24.74217563386593,69100
2022-09-21,24.800569534301758,24.923197021253976,24.664595920264706,24.73383412558464,86800
2022-09-22,24.833940505981445,24.850624757595753,24.725494461586244,24.82559838017429,101100
2022-09-23,25.034143447875977,25.08419460501499,24.78388447998572,24.78388447998572,127900
2022-09-26,25.142587661743164,25.28440059828196,24.833937005868925,24.934039319250672,220200
2022-09-27,25.067134857177734,26.358218841198156,24.824009628441665,24.9832979648683,952300
2022-09-28,24.42159080505371,24.779572977800715,24.404824707250725,24.689869157624088,324300
2022-09-29,24.480281829833984,24.761133603339264,24.480281829833984,24.5054317802638,91100
2022-09-30,24.589265823364258,24.723404206928798,24.43249120779748,24.639567317437045,261100
2022-10-03,24.362905502319336,24.450095607250386,24.195233330644257,24.44674238768467,229100
2022-10-04,24.13654899597168,24.20361818724648,23.96887521825685,24.20361818724648,304800
2022-10-05,24.18684959411621,24.3922482852033,24.136548102286497,24.337755668660943,121900
2022-10-06,24.505428314208984,24.555731406065433,24.311766687445218,24.388057631321853,91800
2022-10-07,24.698253631591797,24.748556726698357,24.619447368125066,24.6898713814631,278100
2022-10-10,24.622804641723633,24.77370914491999,24.557411251188245,24.77370914491999,202800
2022-10-11,24.522197723388672,24.66052883706736,24.362907786167806,24.446744679392246,351000
2022-10-12,24.614418029785156,24.689871072444895,24.542318206946074,24.689871072444895,122400
2022-10-13,24.983299255371094,25.08390385115025,24.731790164506904,25.08390385115025,307000
2022-10-14,25.20127296447754,25.20127296447754,24.83239320091495,25.058750728856086,119000
2022-10-17,24.966533660888672,24.991683611050927,24.74855836483275,24.916230562452498,310600
2022-10-18,24.865928649902344,24.899464048302573,24.798859452157693,24.891080198702515,164200
2022-10-19,25.067134857177734,25.100670253723795,24.899462671614586,25.01683336141436,207800
2022-10-20,25.083898544311523,25.109050087699114,24.907840938709324,25.109050087699114,203700
2022-10-21,24.698253631591797,25.008449655192656,24.59765063949014,24.983298107639378,932300
2022-10-24,24.81562614440918,24.912038012314003,24.698253853826824,24.698253853826824,254700
2022-10-25,24.93718910217285,24.974915623621598,24.8156256887207,24.974915623621598,150500
2022-10-26,24.69704246520996,24.941401559588346,24.604355918342637,24.941401559588346,482800
2022-10-27,24.69704246520996,24.764451593459103,24.57907689256406,24.730747832914727,206400
2022-10-28,24.815006256103516,24.924545471863773,24.815006256103516,24.90769279031291,386900
2022-10-31,25.02566146850586,25.135200690895186,24.946455789015662,25.135200690895186,164900
2022-11-01,24.654911041259766,24.924547539804074,24.604354599572783,24.924547539804074,350700
2022-11-02,25.101499557495117,25.211038791337728,24.705469511475467,24.8234350874845,220900
2022-11-03,25.168909072875977,25.30372733528125,25.042515545605635,25.253169281508928,244700
2022-11-04,24.907697677612305,25.093073996725323,24.815011125216284,25.084647654296504,169900
2022-11-07,25.05936622619629,25.19418447782013,24.958253341058573,25.050939884574756,200900
2022-11-08,24.6380558013916,24.983527730193714,24.57907302435126,24.983527730193714,950500
2022-11-09,24.38527488708496,24.486387771886843,24.35156952071078,24.410552304705266,545700
2022-11-10,23.972394943237305,24.05665514889869,23.86285410442085,24.05665514889869,428800
2022-11-11,23.883920669555664,24.156929024687464,23.803872826239896,23.972396462564205,293300
2022-11-14,24.014522552490234,24.14091445501866,23.652197919991234,23.660624261114496,156800
2022-11-15,23.837574005126953,23.96143784353584,23.77016327672132,23.803868640924136,173700
2022-11-16,23.584789276123047,23.82914835216894,23.525806494225147,23.82914835216894,132500
2022-11-17,23.593217849731445,23.76174147723655,23.50895603597889,23.76174147723655,250600
2022-11-18,23.614282608032227,23.685905711338307,23.390990170448156,23.567938530686007,134800
2022-11-21,23.643774032592773,23.719609503412,23.508955774949797,23.584791245769022,201700
2022-11-22,23.63534927368164,23.711184749580298,23.593219168031503,23.68590732905442,256500
2022-11-23,23.736459732055664,23.84599895237445,23.645457497918144,23.84599895237445,159400
2022-11-25,23.68563461303711,23.846588954000225,23.64327897288244,23.846588954000225,82300
2022-11-28,23.761877059936523,23.80423431764145,23.61617229441843,23.75340722415971,1523500
2022-11-29,23.855058670043945,23.8974143071178,23.7279901430584,23.804231582402522,181500
2022-11-30,23.30443000793457,23.8974170744568,23.30443000793457,23.8974170744568,274800
2022-12-01,22.76226806640625,23.08417511859172,22.736853713958435,22.88933659711725,382400
2022-12-02,22.601316452026367,23.033350801041276,22.542017904943496,22.855453544028443,397300
2022-12-05,22.660614013671875,22.711441106709138,22.491188215862124,22.584372566233903,241100
2022-12-06,22.558958053588867,22.70296949598771,22.5403218299509,22.5843724078113,285800
2022-12-07,22.58437156677246,22.724148086144382,22.414945776460574,22.49965867161652,211900
2022-12-08,22.78767967224121,22.833425181224325,22.66230608422073,22.830036924218902,156100
2022-12-09,22.999462127685547,23.0079335784652,22.731770422951808,22.82156650860491,233200
2022-12-12,22.957109451293945,23.04182235425543,22.855453644587318,22.855453644587318,684300
2022-12-13,22.77073860168457,22.78683484345904,22.457302990676528,22.686027322448286,283000
2022-12-14,22.677553176879883,22.78767879626064,22.45730032235448,22.635195926530447,82200
2022-12-15,22.575897216796875,22.686024451087818,22.53354158253967,22.542013032543885,113800
2022-12-16,22.53354263305664,22.863921119804,22.409014089529382,22.863921119804,181300
2022-12-19,22.516599655151367,22.66061107991597,22.44882966795414,22.635196728805532,134500
2022-12-20,22.61825942993164,22.736856524486623,22.575902170616125,22.736856524486623,205200
2022-12-21,22.53354263305664,22.618255521284258,22.220105431343644,22.618255521284258,1140400
2022-12-22,22.601316452026367,22.652143547273937,22.448833550519428,22.448833550519428,178700
2022-12-23,22.889339447021484,22.957109446222855,22.669086545675967,22.745327996748042,135500
2022-12-27,22.996232986450195,23.23476350537306,22.722361929275113,22.722361929275113,203300
2022-12-28,23.058074951171875,23.1110815474366,22.925557617985405,23.00506835490715,153300
2022-12-29,23.13758659362793,23.243599790306412,23.06691056749248,23.06691056749248,95800
2022-12-30,22.978565216064453,23.305441206505527,22.965313987682876,23.1199172689659,346700
2023-01-03,23.13758659362793,23.146421307526033,22.828378347391823,22.828378347391823,61500
2023-01-04,23.119915008544922,23.172921601938192,22.987397682537136,23.058073702077902,94200
2023-01-05,23.19942855834961,23.314276472156294,23.040407073810023,23.111083101933236,125200
2023-01-06,22.704696655273438,23.270104887575215,22.616351197713925,23.26127017331432,87500
2023-01-09,22.501501083374023,22.686143742624935,22.395487884763806,22.528005225551283,65500
2023-01-10,22.536840438842773,22.695861925330128,22.501501581823607,22.545675153097566,29700
2023-01-11,22.30714225769043,22.53683976631218,22.30714225769043,22.53683976631218,86400
2023-01-12,22.10395050048828,22.457330660617888,22.088931654114702,22.218798420636833,58700
2023-01-13,22.30714225769043,22.342481113655037,22.103948891042137,22.103948891042137,41700
2023-01-17,21.9714298248291,22.239998031849414,21.918421545047412,22.22762977024354,68500
2023-01-18,21.626882553100586,21.847745328401977,21.53853710597018,21.785904020925468,150000
2023-01-19,21.92725944519043,21.953763588933313,21.62688588963581,21.62688588963581,37000
2023-01-20,21.953760147094727,22.13486755498722,21.927256007507076,21.953760147094727,40800
2023-01-23,22.174625396728516,22.192294825092347,22.06861051159496,22.192294825092347,652700
2023-01-24,22.03326988220215,22.26208270892291,22.02443516940668,22.236463221350466,79100
2023-01-25,21.865415573120117,22.165789093575004,21.80357426332928,22.130450239380636,118100
2023-01-26,21.953760147094727,22.12161632771802,21.777069253275553,21.989097314829014,87800
2023-01-27,21.936092376708984,22.086279142278453,21.918422948983313,22.024437830287972,94300
2023-01-30,21.953760147094727,22.130449355864656,21.86541470018514,22.130449355864656,244500
2023-01-31,22.037691116333008,22.121620063342153,21.936094424997833,22.03327460151388,104500
2023-02-01,21.72406578063965,22.064194704832033,21.679893893362504,21.909589729263047,65300
2023-02-02,21.5915470123291,21.71522963660234,21.45902967417215,21.71522963660234,85000
2023-02-03,22.059772491455078,22.201124527083326,21.86541386372853,21.936089881542653,115800
2023-02-06,22.510332107543945,22.52800153276575,22.298304060029693,22.307138772640595,46400
2023-02-07,22.536840438842773,22.589847039322077,22.347781260899016,22.43966026708951,35400
2023-02-08,22.39902114868164,22.519170225269164,22.360148744325617,22.48383305453137,13800
2023-02-09,22.74886703491211,22.7577017485879,22.360148058424066,22.395486913127225,42100
2023-02-10,22.846046447753906,22.96972906504221,22.77537042572498,22.784205139109755,49800
2023-02-13,22.98740005493164,23.078394407388725,22.39725363006392,22.95206119898953,123000
2023-02-14,23.331945419311523,23.411456159941693,23.124333853771706,23.217097507873163,63600
2023-02-15,23.411455154418945,23.57931134243425,23.393785727249057,23.490965891634122,173400
2023-02-16,23.36286735534668,23.455629329479716,23.1640904928834,23.44679630008089,43000
2023-02-17,23.420291900634766,23.658824132982353,23.270105126754746,23.579313388866492,29500
2023-02-21,23.570476531982422,23.632317841773567,23.335477869726763,23.535137677787876,48600
2023-02-22,23.59256362915039,23.676490884400142,23.429125633116918,23.605814857597878,43500
2023-02-23,23.649988174438477,23.747166657095857,23.535138578957874,23.632318746664634,27900
2023-02-24,24.153554916381836,24.203027965793115,23.897353270445574,23.897353270445574,59800
2023-02-27,24.1800594329834,24.37441808512132,24.11821643521055,24.224231317771757,73000
2023-02-28,24.0828800201416,24.268403964133952,24.0828800201416,24.180060191784897,26800
2023-03-01,24.224231719970703,24.423008574917418,24.118216835649314,24.118216835649314,117700
2023-03-02,24.27988624572754,24.46276126927887,24.224229069442153,24.356746396557252,123100
2023-03-03,24.021038055419922,24.277238021387898,23.994533913402794,23.994533913402794,51500
2023-03-06,24.215394973754883,24.312575135806895,23.985697481208753,23.985697481208753,129500
2023-03-07,24.869150161743164,24.875334292988104,24.365583263170276,24.37441797709867,126100
2023-03-08,24.8426456451416,24.930989407001636,24.48042914430863,24.65712003812719,155100
2023-03-09,24.55994415283203,24.913326001977445,24.54227640841439,24.877987143043086,84700
2023-03-10,23.437959671020508,24.109382748799217,23.42912495729389,24.109382748799217,258800
2023-03-13,20.703678131103516,21.688726004095063,20.703678131103516,21.547373948736148,258500
2023-03-14,21.25583267211914,21.52970372220492,21.096811206920744,21.13215005920893,190200
2023-03-15,20.814109802246094,20.911289973471533,20.716931316070095,20.716931316070095,219500
2023-03-16,21.026138305664062,21.09063020411014,20.884786245646616,20.89362096002889,77700
2023-03-17,20.875947952270508,21.043804126657342,20.833543689574682,21.0349694137897,51600
2023-03-20,20.875947952270508,20.990797534500672,20.875947952270508,20.990797534500672,65400
2023-03-21,21.11448097229004,21.140985111931997,20.89361819708816,20.981963644178762,157600
2023-03-22,21.16748809814453,21.22933109219561,21.03497076670509,21.070309620448565,94000
2023-03-23,21.16748809814453,21.202826951888007,20.981964171139172,20.981964171139172,23500
2023-03-24,20.90245246887207,21.123315239409646,20.76110043053196,21.123315239409646,83800
2023-03-27,20.76993751525879,21.004051539546126,20.761102801222552,20.884785427631048,88800
2023-03-28,20.752269744873047,20.830897526541737,20.69926314147088,20.76993917435695,26200
2023-03-29,20.70809555053711,20.752267434279148,20.637419525520233,20.70809555053711,62100
2023-03-30,20.77877426147461,20.796443691275165,20.65508993792029,20.681594082621125,27200
2023-03-31,20.690425872802734,20.946625828497073,20.637419275943444,20.946625828497073,65000
2023-04-03,20.64625358581543,20.769936204418016,20.584410591464838,20.725762637024737,41600
2023-04-04,20.822938919067383,20.955456226448817,20.73459348579677,20.955456226448817,25400
2023-04-05,20.787607192993164,20.96429642069173,20.699261736619167,20.840613792797793,47800
2023-04-06,20.955459594726562,20.986380248583966,20.602079489892496,20.602079489892496,70600
2023-04-10,21.070310592651367,21.193993216361765,20.924540341807507,20.973130425422127,30000
2023-04-11,21.317676544189453,21.361850114866044,21.026137717921653,21.026137717921653,14100
2023-04-12,21.370685577392578,21.414857464566623,21.20282937304214,21.20282937304214,32900
2023-04-13,21.441360473632812,21.512036500402147,21.335345590954116,21.42369104567813,71000
2023-04-14,21.25583267211914,21.52970372220492,21.25583267211914,21.52970372220492,18100
2023-04-17,21.14982032775879,21.35301368136147,21.123316187486978,21.35301368136147,19000
2023-04-18,21.0853271484375,21.11448018441149,20.95545872259208,21.070308305039074,26500
2023-04-19,21.14982032775879,21.27350294559533,21.026136024872965,21.09681204721517,31700
2023-04-20,21.361848831176758,21.503200878748785,21.22049678360473,21.22049678360473,30400
2023-04-21,21.45903205871582,21.5650452670019,21.31767830591844,21.31767830591844,40300
2023-04-24,21.671058654785156,21.732899969497332,21.512037168354166,21.55620905456302,19300
2023-04-25,21.66222381591797,21.847747758987236,21.66222381591797,21.73731635905093,12600
2023-04-26,21.79032325744629,21.883085223077238,21.69755960676601,21.69755960676601,47900
2023-04-27,22.201128005981445,22.271804034870446,22.033273490525975,22.04210820476828,40500
2023-04-28,22.086278915405273,22.218796251887834,21.97584752082825,22.086278915405273,21400
2023-05-01,22.096878051757812,22.280636041548654,22.033270813021936,22.20996002124827,40400
2023-05-02,22.2099609375,22.2983063877824,22.042106435517685,22.2983063877824,52200
2023-05-03,21.8636474609375,22.298305921402275,21.83891093758172,22.298305921402275,27800
2023-05-04,21.72406578063965,21.909589729263047,21.57387900482807,21.794741811312775,133800
2023-05-05,21.609216690063477,21.715231581111862,21.582714231088527,21.653390263437608,142000
2023-05-08,21.609216690063477,21.69756215176221,21.494368769389794,21.55621008706405,76100
2023-05-09,21.803571701049805,21.953758443627827,21.688722123464135,21.688722123464135,52500
2023-05-10,21.882200241088867,21.953760914963702,21.803574155479147,21.94492620145881,59600
2023-05-11,21.962594985961914,22.077442888067072,21.865414825300373,21.953760272715478,73800
2023-05-12,22.059772491455078,22.086276630028816,21.81240727163023,21.81240727163023,108600
2023-05-15,21.777069091796875,21.900753390572866,21.74173192432462,21.891918677442494,62700
2023-05-16,22.077444076538086,22.126034159484554,21.927257313362343,21.927257313362343,25100
2023-05-17,22.133102416992188,22.240883233973435,22.01560391992197,22.01560391992197,55100
2023-05-18,22.1392879486084,22.377820191548384,22.121620204169897,22.377820191548384,18000
2023-05-19,22.262971878051758,22.333647909710194,21.99793549554548,22.059776812615425,69800
2023-05-22,22.227628707885742,22.307139438708838,22.156952689937345,22.307139438708838,30400
2023-05-23,22.280637741088867,22.30714188261668,22.139285689705936,22.18345925891896,80700
2023-05-24,22.39548683166504,22.47499756940859,22.209961215246977,22.209961215246977,35500
2023-05-25,22.51917266845703,22.528007383362336,22.351316455355352,22.528007383362336,37700
2023-05-26,22.47411346435547,22.53683942723408,22.254135323968246,22.528004713375854,70600
2023-05-30,22.474998474121094,22.669357126957227,22.351314163180465,22.351314163180465,68600
2023-05-31,22.51917266845703,22.572179272839296,22.42199248954823,22.536842098267645,29500
2023-06-01,22.45732879638672,22.501500680842547,22.209961862305697,22.254135431810905,98300
2023-06-02,22.616352081298828,22.660523969279588,22.51917190568174,22.528006620287798,47500
2023-06-05,22.57217788696289,22.703812266385654,22.510336571472223,22.656106830885484,13300
2023-06-06,22.536840438842773,22.610167050613043,22.52358920998531,22.572177610812492,22200
2023-06-07,22.68702507019043,22.79303826114499,22.474997003232023,22.474997003232023,30700
2023-06-08,22.528005599975586,22.632252868536263,22.439660142965792,22.48383371399541,19400
2023-06-09,22.589845657348633,22.651686968299476,22.50150020525485,22.625184512205884,33600
2023-06-12,22.651689529418945,22.717066081286806,22.492668034680197,22.492668034680197,36200
2023-06-13,22.793041229248047,22.828380087534242,22.54567596144272,22.554510676014267,61300
2023-06-14,22.83721351623535,22.934392000951647,22.642853176703937,22.775372202766054,103500
2023-06-15,22.506803512573242,22.7223651555606,22.48383460276944,22.687027982389484,199100
2023-06-16,22.545673370361328,22.651686562937236,22.448493206292316,22.448493206292316,74800
2023-06-20,22.501501083374023,22.51033579743311,22.395487884763806,22.501501083374023,63300
2023-06-21,22.39548683166504,22.536838879864835,22.351313263446773,22.483832283052244,103500
2023-06-22,22.525354385375977,22.52800496806835,22.227631433690153,22.448494227494745,56200
2023-06-23,22.4484920501709,22.492663930627742,22.112781377570897,22.324809436852355,57700
2023-06-26,22.3513126373291,22.519168821757773,22.307140755397533,22.519168821757773,80600
2023-06-27,22.457746505737305,22.555312297701224,22.2271375285636,22.36905048501882,34900
2023-06-28,22.31583595275879,22.49322801330137,22.2271399224875,22.2271399224875,266300
2023-06-29,22.555315017700195,22.706097763584104,22.484358530915774,22.573054562330324,246500
2023-06-30,22.617401123046875,22.63514066719925,22.48435792537616,22.590791806818313,105900
2023-07-03,22.644010543823242,22.679487940555745,22.42227131610293,22.617401227471827,40300
2023-07-05,22.732702255249023,22.74157202634145,22.6262683856116,22.732702255249023,140800
2023-07-06,22.839139938354492,23.097244718393483,22.83027016643807,22.88348710620058,118900
2023-07-07,22.79479217529297,22.808095986952203,22.648443480097495,22.723835693550427,25400
2023-07-10,22.723838806152344,23.025402626062924,22.67948994165358,23.025402626062924,26600
2023-07-11,22.883487701416016,22.910097017857403,22.688357789387343,22.742462891964013,81200
2023-07-12,22.476375579833984,22.70609811869948,22.3956628497615,22.70609811869948,248200
2023-07-13,22.182790756225586,22.360181109062623,22.08522496253687,22.360181109062623,177500
2023-07-14,22.289226531982422,22.364618749468278,22.191662421702453,22.191662421702453,126400
2023-07-17,22.23600959777832,22.36905279673739,22.173922884379827,22.33357539982513,339700
2023-07-18,22.289226531982422,22.312288277943765,22.16505310522461,22.17392287738389,78100
2023-07-19,22.15618324279785,22.306965985419193,22.147313470674707,22.289226441172907,24200
2023-07-20,22.306964874267578,22.45774760937815,22.236008392552954,22.236008392552954,106100
2023-07-21,22.289226531982422,22.404531878317012,22.25374913508136,22.25374913508136,31700
2023-07-24,22.617401123046875,22.697227379996512,22.351314727705446,22.351314727705446,34600
2023-07-25,22.704322814941406,22.892357586877548,22.5996618715177,22.892357586877548,49200
2023-07-26,22.484357833862305,22.675940173067254,22.454200947273222,22.555314318446953,14400
2023-07-27,22.883487701416016,22.92783656215166,22.67061824509308,22.918966790004532,30100
2023-07-28,22.803661346435547,22.874619523309523,22.66174837615969,22.72383678092442,23300
2023-07-31,22.759313583374023,22.830270066659264,22.67948732821113,22.830270066659264,49900
2023-08-01,22.7681827545166,22.8258354243322,22.69722627310354,22.821399692642405,23600
2023-08-02,22.679485321044922,22.75931156914308,22.59965907294676,22.75044179805041,504900
2023-08-03,22.945575714111328,22.97218333836171,22.80898325546433,22.82583632977653,22000
2023-08-04,22.732702255249023,22.84800758771473,22.679485320430313,22.71939844447831,164800
2023-08-07,22.812530517578125,22.830270061329294,22.714966410418704,22.80366074570254,36000
2023-08-08,22.839139938354492,22.865749254103754,22.440008660795637,22.440008660795637,156900
2023-08-09,23.01653289794922,23.01653289794922,22.83293216470793,22.927836867034546,83300
2023-08-10,22.945575714111328,23.034270050593967,22.82140059791078,23.034270050593967,90900
2023-08-11,23.060880661010742,23.154010734586617,22.972184627813476,23.043141116024064,108800
2023-08-14,23.22053337097168,23.325194318812365,23.101680448679186,23.114097791923466,66900
2023-08-15,23.2950382232666,23.344707597934182,23.131838124329043,23.326968052199707,47500
2023-08-16,23.20279312133789,23.309228697154413,22.865750232768388,23.309228697154413,53300
2023-08-17,23.17618179321289,23.393486966268103,23.12740058742199,23.1673137134225,57200
2023-08-18,23.19392204284668,23.264878525482995,23.06531288940086,23.149574875599978,51200
2023-08-21,23.167316436767578,23.364219297548864,23.136271386908074,23.220533380445328,37600
2023-08-22,23.1850528717041,23.247139584152357,23.131835931282172,23.202792415756754,12400
2023-08-23,22.528703689575195,22.82139938289845,22.440007666078706,22.82139938289845,73200
2023-08-24,22.750444412231445,22.750444412231445,22.55797560178572,22.617401214025563,82100
2023-08-25,22.839139938354492,22.945575509615523,22.68835719924737,22.768183454759143,58100
2023-08-28,22.706098556518555,22.830271989793612,22.706098556518555,22.724724571509814,30200
2023-08-29,22.617401123046875,22.883487518388304,22.564184182325796,22.883487518388304,29900
2023-08-30,22.44001007080078,22.599662591855996,22.40453267264191,22.475489160695773,257100
2023-08-31,22.502099990844727,22.60321168202333,22.422273724950713,22.422273724950713,34000
2023-09-01,22.733592987060547,22.741574597731113,22.510965598460597,22.510965598460597,159800
2023-09-05,23.060880661010742,23.0963597509841,22.927837457082905,23.01653349028017,19900
2023-09-06,23.17618179321289,23.202791107791878,23.00766120942046,23.052008375316163,129800
2023-09-07,22.954444885253906,23.148690025234718,22.92783725973903,23.148690025234718,71100
2023-09-08,23.043140411376953,23.096359044709587,22.989923469780386,22.998793242002495,16200
2023-09-11,23.19392204284668,23.24713898188992,23.114095788413827,23.14070510380344,17200
2023-09-12,23.29149055480957,23.49016805264687,23.29149055480957,23.31809987329972,30800
2023-09-13,23.20279312133789,23.54870578220344,23.147801548144027,23.54870578220344,78600
2023-09-14,23.619661331176758,23.708357358880104,23.362444711746676,23.362444711746676,11600
2023-09-15,23.88574981689453,23.88574981689453,23.593054104755154,23.73940111495682,40300
2023-09-18,23.89461898803711,24.134096061592977,23.850270128685278,24.134096061592977,45500
2023-09-19,24.249401092529297,24.324791614854515,24.147401254934948,24.205053925483398,132400
2023-09-20,24.267141342163086,24.383331464559728,24.00992302895164,24.00992302895164,23500
2023-09-21,24.400184631347656,24.55983714474084,24.293749058506855,24.55983714474084,39300
2023-09-22,24.284879684448242,24.46670578507341,24.276011603990877,24.391315259033348,34400
2023-09-25,24.31148910522461,24.48888116638138,24.249402391340563,24.48888116638138,28900
2023-09-26,24.320358276367188,24.471141017102955,24.258271564017644,24.471141017102955,29200
2023-09-27,24.605220794677734,24.605220794677734,24.28474873357841,24.408486948636316,63000
2023-09-28,24.4805965423584,24.65863792365602,24.35240803824973,24.444987586927496,40100
2023-09-29,24.525102615356445,24.551809328201742,24.17792383800869,24.409376922216598,85200
2023-10-02,24.542909622192383,24.88118789474672,24.30255427557668,24.88118789474672,319300
2023-10-03,24.560714721679688,24.7298538622432,24.37377110359824,24.560714721679688,612500
2023-10-04,24.338163375854492,24.498400274560478,24.17792647714851,24.498400274560478,430400
2023-10-05,24.071102142333984,24.293653005197598,23.955374742805038,24.249141813867872,326200
2023-10-06,24.035491943359375,24.16011987676568,23.857450583126155,23.973177976656224,142300
2023-10-09,23.84855079650879,23.901962527094472,23.679411668737778,23.75953011358045,162100
2023-10-10,23.844100952148438,24.06220155985132,23.741727751938008,23.98208310787299,119700
2023-10-11,23.786237716674805,24.035495316395384,23.741728219334355,23.848553390051315,95300
2023-10-12,23.928667068481445,24.115610668713284,23.848550323157248,23.946471544299385,56500
2023-10-13,23.750627517700195,23.875255453165412,23.68831354996759,23.78623477157814,186300
2023-10-16,23.719470977783203,23.821844169249754,23.67941175521557,23.81294193113158,43500
2023-10-17,23.928667068481445,24.02658998755185,23.732822928268902,23.732822928268902,88100
2023-10-18,23.95537567138672,24.02659188234649,23.83074772668921,23.946473432775694,250900
2023-10-19,23.95537567138672,24.080003616084223,23.941131750023402,24.01768964373547,111500
2023-10-20,23.861900329589844,23.937566796991497,23.74172267730949,23.937566796991497,90800
2023-10-23,23.7684326171875,23.91976727047777,23.706116949891715,23.91976727047777,64500
2023-10-24,23.71501922607422,23.884158356005717,23.706116987874843,23.706116987874843,137000
2023-10-25,23.812942504882812,23.857451998617798,23.679412325749514,23.82184474321548,278300
2023-10-26,23.63490104675293,23.743507335253142,23.528077583012355,23.528077583012355,480600
2023-10-27,23.723922729492188,23.75062944551461,23.528078572446336,23.59929478391105,128900
2023-10-30,23.60819435119629,23.732822282675137,23.599292113529483,23.732822282675137,83500
2023-10-31,23.51917266845703,23.63489835732891,23.4835637193099,23.63489835732891,203300
2023-11-01,23.71501922607422,23.83964886293716,23.545881794071047,23.7595304170711,463600
2023-11-02,23.723922729492188,23.89306186844403,23.694546870003094,23.706118252143906,82300
2023-11-03,23.643802642822266,23.65270488088023,23.519174705867382,23.590390912402786,159800
2023-11-06,23.750627517700195,23.750627517700195,23.510272186793042,23.72392080384553,110900
2023-11-07,23.804039001464844,23.90196191999163,23.697215543006767,23.777332287886196,156000
2023-11-08,23.830747604370117,23.928668832731944,23.76843363234121,23.848552081500774,79900
2023-11-09,24.08000373840332,24.12095437580772,23.795138893117194,23.919768536376182,64200
2023-11-10,24.02659034729004,24.088904315657558,23.92510687112224,24.01768810924778,61400
2023-11-13,23.950923919677734,24.204631761650596,23.92866747556254,24.080002126733046,56400
2023-11-14,22.931642532348633,23.145291170168,22.8782307973759,23.145291170168,309900
2023-11-15,23.145292282104492,23.264580250467098,23.074076066076696,23.074076066076696,80800
2023-11-16,23.278820037841797,23.278820037841797,23.011759680178404,23.011759680178404,29700
2023-11-17,23.234310150146484,23.323330833833914,23.207603435661763,23.252114626469634,127100
2023-11-20,23.25211524963379,23.34113423777864,23.234310772833474,23.2788202669059,42100
2023-11-21,23.261014938354492,23.323330604873775,23.155081191749822,23.269917176428677,536800
2023-11-22,23.358938217163086,23.44795890134065,23.18089854673628,23.26991753298552,55400
2023-11-24,23.5369815826416,23.54588382160755,23.42570614245996,23.439058651944645,54400
2023-11-27,23.492467880249023,23.590390800493786,23.456860626114384,23.581488562478054,25500
2023-11-28,23.029563903808594,23.495139246735203,23.014430268636332,23.492468405477943,91800
2023-11-29,22.735797882080078,22.78030737727652,22.5577565054375,22.72689564345511,95000
2023-11-30,22.869327545166016,22.9672487719555,22.48742949710909,22.726895126264612,186500
2023-12-01,22.7001895904541,23.009980032764325,22.612950026481663,22.96724996528806,47600
2023-12-04,22.87822914123535,23.04736657272666,22.86042466489048,22.922738634169207,91100
2023-12-05,22.833717346191406,22.87822853587581,22.682382697120975,22.87822853587581,27900
2023-12-06,23.01175880432129,23.091877248156568,22.878228630571922,22.878228630571922,26000
2023-12-07,23.03846549987793,23.09187893161428,22.940544270884764,23.002858243315433,21700
2023-12-08,23.394548416137695,23.483567407128614,23.189800322244704,23.189800322244704,31600
2023-12-11,23.394548416137695,23.75953171257139,23.394548416137695,23.66160878496728,59700
2023-12-12,23.723922729492188,23.732824968166327,23.430155644959203,23.430155644959203,35800
2023-12-13,22.958349227905273,23.626001857206347,22.859536584435002,23.626001857206347,56500
2023-12-14,22.61116600036621,22.76250064614916,22.53104755860299,22.673479966642443,70400
2023-12-15,22.602264404296875,22.673480610338416,22.522145960259103,22.673480610338416,21000
2023-12-18,22.62897491455078,22.700191132539643,22.50434695755241,22.575563175541273,35200
2023-12-19,22.673480987548828,22.83282816385423,22.65567820918848,22.8114631318935,17100
2023-12-20,22.557754516601562,22.762500893138895,22.477636073969,22.709089164026604,66700
2023-12-21,22.637874603271484,22.637874603271484,22.5123552479173,22.575560631793653,95500
2023-12-22,22.450931549072266,22.593363972542203,22.379715337337295,22.548854476931005,520000
2023-12-26,22.49376678466797,22.845976386167482,22.24627030491002,22.845976386167482,139300
2023-12-27,22.417612075805664,22.531842748835665,22.343363500062377,22.39857514332979,127400
2023-12-28,22.389055252075195,22.80789680702818,22.350977756733155,22.389055252075195,371400
2023-12-29,22.4652099609375,22.617516321434564,22.37477681114328,22.512805017729697,169900
2024-01-02,22.76030158996582,22.817416016933635,22.560400187761015,22.598475867194594,95700
2024-01-03,22.655590057373047,22.75078197841442,22.523273849972348,22.75078197841442,125000
2024-01-04,22.855497360229492,22.893573046073953,22.579440921407542,22.579440921407542,118600
2024-01-05,22.76982307434082,22.960206936060693,22.588958587270447,22.960206936060693,57100
2024-01-08,22.855497360229492,23.018274503094087,22.7983829236452,22.931650547553616,60400
2024-01-09,22.76030158996582,22.884051633303468,22.712706536765122,22.712706536765122,29900
2024-01-10,22.85835075378418,22.87167751465882,22.73174470984009,22.735553912062844,21700
2024-01-11,22.617517471313477,22.798381964462063,22.5413642871933,22.750785089615,43000
2024-01-12,22.398574829101562,22.522323058815967,22.084442752219687,22.208190981934095,36800
2024-01-16,22.69367027282715,22.826937888881833,22.398576916291024,22.398576916291024,32400
2024-01-17,23.10299301147461,23.207702497210732,22.988762335830206,23.207702497210732,45500
2024-01-18,22.9887638092041,23.179147675601673,22.94878352407493,23.122033241936446,26700
2024-01-19,23.074434280395508,23.13154870889463,22.48805500257162,22.93164730133022,22600
2024-01-22,22.979244232177734,23.15820412088693,22.807899117054223,23.07443616453914,38300
2024-01-23,22.855497360229492,22.950689298293447,22.788863548275284,22.9221311721837,26700
2024-01-24,22.76030158996582,22.969722365937745,22.703187162998002,22.711753328443983,40500
2024-01-25,22.71270751953125,22.845975126767534,22.704139538079644,22.71270751953125,39900
2024-01-26,22.836456298828125,22.94116760166699,22.819322151150043,22.845975673234843,190600
2024-01-29,22.822179794311523,22.94116925954189,22.78886288929783,22.78886288929783,123900
2024-01-30,22.922128677368164,22.99733046366099,22.755544165613493,22.81741737533094,27900
2024-01-31,22.62703514099121,22.75078337499701,22.42713191296955,22.71270769362407,29300
2024-02-01,22.4652099609375,22.58895819797823,22.323374367683915,22.455690586452054,32700
2024-02-02,23.017318725585938,23.150586324107675,22.23674825029888,22.78885920713374,198200
2024-02-05,23.20770263671875,23.321933313049826,23.15725158683857,23.179146329362236,76600
2024-02-06,23.18866729736328,23.2267429816671,23.07253382756569,23.217223606682364,53800
2024-02-07,23.083953857421875,23.29337464085031,23.055395735103694,23.29337464085031,116600
2024-02-08,23.226741790771484,23.312414345606342,23.138213242024133,23.21246363684402,54100
2024-02-09,23.340974807739258,23.417127995707606,23.198187807253007,23.23626349341957,78500
2024-02-12,23.49327850341797,23.49327850341797,23.348586918094846,23.398086575408808,24500
2024-02-13,23.835969924926758,23.87404560867737,23.655105434114816,23.70270049271186,36000
2024-02-14,23.893083572387695,23.988275502085465,23.797891642689926,23.988275502085465,23900
2024-02-15,23.912120819091797,24.007310927173872,23.7122175977226,23.83596764324518,23500
2024-02-16,24.112022399902344,24.178656202297592,24.007311101489844,24.083464277889405,31700
2024-02-20,23.788372039794922,23.931159025153338,23.73125760877856,23.931159025153338,40300
2024-02-21,23.883562088012695,24.03586843582057,23.597988139781652,23.597988139781652,24500
2024-02-22,24.112022399902344,24.216733698314844,23.94067729909459,23.997791727485527,20700
2024-02-23,24.140579223632812,24.17865490196741,23.999695037834666,24.112021103155733,30800
2024-02-26,24.12154197692871,24.245290208756437,24.092983854675406,24.245290208756437,22800
2024-02-27,24.18817710876465,24.216735232586913,23.997793247886342,24.11202392754034,35200
2024-02-28,24.045391082763672,24.19769745130471,24.021593553110723,24.19769745130471,42100
2024-02-29,23.978757858276367,24.02635291874302,23.845488420826435,24.02635291874302,23700
2024-03-01,23.636066436767578,24.026351723206307,23.516125583102482,23.97875666510796,48100
2024-03-04,23.636066436767578,23.683661494865927,23.569432629175857,23.60750831252752,55300
2024-03-05,23.417125701904297,23.502798256931115,23.35525067535492,23.436164450940268,103700
2024-03-06,23.398086547851562,23.483759101395403,23.29337524560131,23.302894619954515,50500
2024-03-07,23.559913635253906,23.612269289389424,23.45996292225071,23.49327982658511,87600
2024-03-08,23.295278549194336,23.750294813504407,23.226740147049803,23.360009564936654,24600
2024-03-11,23.40760612487793,23.44568180698542,23.3219335705923,23.3219335705923,20200
2024-03-12,23.559913635253906,23.59799113485614,23.345732239079123,23.43616539281687,30600
2024-03-13,24.00731086730957,24.02634961513248,23.80264886730058,23.80740946207377,34300
2024-03-14,24.140579223632812,24.19769364895213,24.035867930851694,24.035867930851694,28400
2024-03-15,24.492788314819336,24.492788314819336,24.259570006122512,24.2738481593307,49400
2024-03-18,24.54990577697754,24.587981459300167,24.440433878166775,24.48327015555163,120000
2024-03-19,24.18817710876465,24.321444721998432,24.159618984942387,24.321444721998432,30300
2024-03-20,24.112022399902344,24.188175576301905,23.997791727485527,24.150099895919595,51200
2024-03-21,23.997791290283203,24.11202196061891,23.988273732087226,23.997791290283203,57300
2024-03-22,23.664623260498047,23.8635732795556,23.617026389380342,23.797890868357655,41900
2024-03-25,23.923198699951172,23.94235302076536,23.68377516974352,23.68377516974352,21300
2024-03-26,23.884891510009766,24.057276741318045,23.808276054612367,24.018968100291076,32500
2024-03-27,23.875316619873047,23.99981606173531,23.773800172824394,23.99981606173531,30400
2024-03-28,23.89447021484375,24.007478155859168,23.817854754493805,23.990238170288684,45000
2024-04-01,24.26797103881836,24.315855017888676,23.942354866501404,23.942354866501404,65100
2024-04-02,24.296703338623047,24.42982277770059,24.229663208352658,24.421202784383077,105900
2024-04-03,24.296703338623047,24.488241087996695,24.239240369819857,24.41162562291588,87400
2024-04-04,24.200931549072266,24.469084741349143,24.200931549072266,24.277547007816604,119400
2024-04-05,24.584009170532227,24.584009170532227,24.291912159345184,24.440355411803566,83800
2024-04-08,24.765972137451172,24.765972137451172,24.507394269846735,24.660625192873802,44200
2024-04-09,24.526546478271484,24.660623067701714,24.382890901988773,24.660623067701714,46200
2024-04-10,25.311857223510742,25.331011545322074,24.96708673753345,24.995818220250445,74000
2024-04-11,25.522550582885742,25.599166047375096,25.082012118736152,25.302281350810947,51200
2024-04-12,25.42677879333496,25.66620232934247,25.339629006172803,25.560857215625667,115800
2024-04-15,25.79070472717285,25.79070472717285,25.597250823047965,25.61831948138816,126100
2024-04-16,25.886472702026367,25.896049862418064,25.666201666330494,25.69493314750558,209000
2024-04-17,25.809858322143555,25.951595917877125,25.694934219305996,25.761972518187637,94900
2024-04-18,25.915203094482422,26.010972874469868,25.781126498493972,25.781126498493972,55000
2024-04-19,26.02054786682129,26.10769764695152,25.987985888607046,26.030125026687625,29000
2024-04-22,26.10674285888672,26.12589718036552,25.963089101108977,25.963089101108977,53900
2024-04-23,26.078012466430664,26.106743949849513,26.01097416511006,26.020551326249677,50400
2024-04-24,25.991819381713867,26.129728307689668,25.991819381713867,26.001396542683576,24100
2024-04-25,26.413206100463867,26.4993987250452,26.19293687171457,26.346167798379884,35600
2024-04-26,26.489818572998047,26.5089728933328,26.32701050346569,26.413203118315558,70700
2024-04-29,26.32701301574707,26.403628477740664,26.16420493067859,26.403628477740664,185300
2024-04-30,26.231243133544922,26.413205540095845,26.212090638110638,26.413205540095845,64900
2024-05-01,26.11631965637207,26.384472846718985,26.11631965637207,26.20251227517118,92000
2024-05-02,26.135475158691406,26.317435738462322,26.125897997652405,26.145050493073715,38100
2024-05-03,26.06843376159668,26.14504921951996,25.991818303673398,26.04928126710831,35700
2024-05-06,26.04928207397461,26.09716605166362,25.91616264320996,26.09716605166362,52600
2024-05-07,25.934356689453125,25.934356689453125,25.800280097219833,25.876895553732652,65200
2024-05-08,25.89605140686035,26.116320629036526,25.761972980036727,26.116320629036526,68200
2024-05-09,25.86731719970703,25.96308697259297,25.791658914728057,25.95350981263873,180200
2024-05-10,26.279129028320312,26.30211384957647,26.03970548133729,26.03970548133729,58800
2024-05-13,26.54728126525879,26.576012747447013,26.293492899227704,26.336589209181724,67200
2024-05-14,26.518550872802734,26.566434848462492,26.43235825528991,26.43235825528991,47600
2024-05-15,26.231243133544922,26.470666679712092,26.192936316019658,26.336590078388618,81000
2024-05-16,26.38447380065918,26.41320528351655,26.223581880633926,26.317435500648656,73800
2024-05-17,26.719667434692383,26.748398917880216,26.55685934994138,26.576013672066605,28400
2024-05-20,27.03570556640625,27.05485988791033,26.81447918100105,26.834590670583342,68300
2024-05-21,26.959089279174805,26.967709271583928,26.8441670069927,26.911205303541692,73200
2024-05-22,26.882474899291992,26.987821841893776,26.719666818296812,26.987821841893776,45700
2024-05-23,26.671781539916992,27.13147427795752,26.590376590061332,26.930359390061,141900
2024-05-24,26.43235969543457,26.621983098962943,26.43235969543457,26.54728197394206,67600
2024-05-28,26.805858612060547,26.84895492118993,26.480242460117797,26.480242460117797,47700
2024-05-29,26.72732925415039,26.815436209961433,26.678486282565377,26.729243590296882,24300
2024-05-30,26.43714714050293,26.508974933959202,26.346166851894093,26.49939777305459,81100
2024-05-31,26.145050048828125,26.373939261797958,26.00139628899742,26.36532109566898,225400
2024-06-03,26.10674285888672,26.31743491518363,25.905626136672574,26.31743491518363,175300
2024-06-04,25.73324203491211,25.972665567022116,25.685356232496158,25.896050109813178,241700
2024-06-05,25.647050857543945,25.800281780567182,25.589587891417715,25.714089158034525,150900
2024-06-06,25.493820190429688,25.60874247052237,25.493820190429688,25.58958814828802,132900
2024-06-07,25.781126022338867,25.829009998119904,25.65662658931422,25.65662658931422,79800
2024-06-10,25.90562629699707,25.915203457795744,25.811772678489394,25.82901083726434,164100
2024-06-11,25.73324203491211,25.809857492121047,25.694933392979348,25.809857492121047,29100
2024-06-12,25.522550582885742,25.5608592284588,25.378896815300298,25.474666602576182,176700
2024-06-13,25.292701721191406,25.407625820038774,25.206509103720023,25.407625820038774,107200
2024-06-14,25.283123016357422,25.29270017623108,25.187353244277308,25.254393363392918,77400
2024-06-17,25.403793334960938,25.493818277375574,25.37889417925008,25.493818277375574,89700
2024-06-18,25.3597412109375,25.425822342551825,25.263971428501428,25.3597412109375,99500
2024-06-20,25.378894805908203,25.512971401484773,25.35974048463823,25.512971401484773,35700
2024-06-21,25.493820190429688,25.560858491593205,25.36931892256312,25.436357223726638,72000
2024-06-24,25.694934844970703,25.72366632804386,25.528296261791123,25.57043540496708,148600
2024-06-25,25.723825454711914,25.838433131718652,25.719010870534152,25.78161148640363,47200
2024-06-26,25.974225997924805,26.041643034682167,25.781611403683044,25.820133587760825,73500
2024-06-27,25.877920150756836,25.954966357421227,25.800873944092444,25.906811330176943,116600
2024-06-28,25.92607307434082,26.06090347538472,25.730567155900722,25.78161166794715,162100
2024-07-01,26.00311851501465,26.128317907024513,25.926072311410177,26.03201153021372,89900
2024-07-02,26.070533752441406,26.070533752441406,25.84902614636394,25.84902614636394,134400
2024-07-03,25.906810760498047,26.11868920186086,25.88273416586857,26.08016518091256,67000
2024-07-05,25.560104370117188,25.85865819192705,25.560104370117188,25.8297651755223,95300
2024-07-08,25.569732666015625,25.743087084674944,25.56010349780247,25.656409875345286,108500
2024-07-09,25.560104370117188,25.714196783756243,25.502318337307692,25.646779745478497,157000
2024-07-10,25.579362869262695,25.723824267974575,25.54084068683849,25.54084068683849,59100
2024-07-11,25.290441513061523,25.300072518448,25.068933899951862,25.2326573176691,1678300
2024-07-12,25.049671173095703,25.206653066247483,25.049671173095703,25.194132575910334,287900
2024-07-15,25.35785675048828,25.42430940190251,25.117087126257694,25.17487132173363,150900
2024-07-16,25.17487144470215,25.34918841836997,25.128643353325014,25.338594863455725,99100
2024-07-17,25.145978927612305,25.29044032778618,25.040039710252493,25.12671691774209,77500
2024-07-18,25.28369903564453,25.29044055546716,25.08819312386188,25.194132342175426,106900
2024-07-19,25.328964233398438,25.348226244578797,25.098789996421186,25.223026845759456,67600
2024-07-22,25.059301376342773,25.23265578894378,25.059301376342773,25.1652387553229,134100
2024-07-23,24.991886138916016,25.117085527298055,24.898467413098313,25.040039325926106,75500
2024-07-24,24.972625732421875,25.00151691171202,24.717410518417818,24.905210531509592,88600
2024-07-25,24.8570556640625,24.953363881809675,24.79927146818478,24.934101870874947,58300
2024-07-26,25.242286682128906,25.309703720357735,24.953363865996934,24.953363865996934,66300
2024-07-29,25.309701919555664,25.483054494744817,25.194131699169894,25.194131699169894,152000
2024-07-30,25.425270080566406,25.598624491165197,25.377116894033996,25.550471304632786,128900
2024-07-31,24.847423553466797,25.242285575434288,24.79927036519813,25.145979198896956,90600
2024-08-01,24.934101104736328,25.000553754570756,24.712593496572513,24.760746685503285,56300
2024-08-02,24.78000831604004,24.929286138519696,24.760746305992395,24.866685524328048,162100
2024-08-05,25.040040969848633,25.1170871762788,24.943732752579308,25.011147953589898,223700
2024-08-06,25.203763961791992,25.300072177432206,25.059302556794883,25.251917151148888,219200
2024-08-07,25.09300994873047,25.242285936655325,25.050633893337693,25.203763752874412,52000
2024-08-08,25.068933486938477,25.078564492166286,24.895579066690793,25.027519980766264,62700
2024-08-09,25.059301376342773,25.117085568234327,25.001515347524876,25.068932381145757,67300
2024-08-12,25.01114845275879,25.136349688785597,24.940843765026546,24.982257272849907,89500
2024-08-13,25.290441513061523,25.357856713840423,25.13634910073076,25.13634910073076,142900
2024-08-14,25.223026275634766,25.28081047094323,25.155611074953814,25.271179465570743,89900
2024-08-15,25.232656478881836,25.341483345971152,25.11708625501234,25.184501453550215,82800
2024-08-16,25.550472259521484,25.653520156029067,25.48305522415971,25.560103264573165,77400
2024-08-19,25.444534301757812,25.608257721896784,25.38578571910924,25.608257721896784,79100
2024-08-20,25.52157974243164,25.588994942182666,25.442606601622483,25.588994942182666,62000
2024-08-21,25.463794708251953,25.520616351443614,25.377117500879837,25.492685886091753,99300
2024-08-22,25.486909866333008,25.51194901068334,25.349188143163605,25.415640794180973,61400
2024-08-23,25.290441513061523,25.46379593616524,25.280810507675042,25.46379593616524,136500
2024-08-26,25.290441513061523,25.300072518448,25.07856490533834,25.280810507675042,197600
2024-08-27,25.18450164794922,25.31933388299213,25.088193433468966,25.31933388299213,237500
2024-08-28,25.18450164794922,25.290440867570133,25.165239637667888,25.25191684700747,276800
2024-08-29,25.203763961791992,25.232656977561984,25.126717756665105,25.126717756665105,57200
2024-08-30,25.088193893432617,25.271179320607285,25.068933719724576,25.251917309972804,90200
2024-09-03,25.35785675048828,25.44453396216541,25.29044154961195,25.386749766689476,202000
2024-09-04,25.290441513061523,25.348225708453946,25.220136826974034,25.348225708453946,123300
2024-09-05,25.328964233398438,25.357857250168973,25.213395840169277,25.280811042374037,60000
2024-09-06,25.36748695373535,25.521579361416205,25.30970276008663,25.357855948639497,141800
2024-09-09,25.338594436645508,25.434902652571218,25.300072252431086,25.406009636715574,166600
2024-09-10,25.43490219116211,25.52157940023021,25.165239558847304,25.271178778136406,72000
2024-09-11,25.511947631835938,25.61788684795548,25.406008415716396,25.43490143018346,62100
2024-09-12,25.338594436645508,25.49268684735607,25.261548231290227,25.473426673712073,93700
2024-09-13,25.319334030151367,25.46379543424817,25.192207700637955,25.328963198421594,175000
2024-09-16,25.126718521118164,25.203764728589096,25.006333707136925,25.155611537767193,140400
2024-09-17,25.01114845275879,25.136349688785597,24.895580059270266,25.136349688785597,104100
2024-09-18,24.924470901489258,25.040041130338466,24.895579721971806,25.020779119375852,63100
2024-09-19,24.8570556640625,24.97166334327561,24.828164484586875,24.876317674997228,94500
2024-09-20,24.924470901489258,24.94373291245187,24.813717093843938,24.8859487164905,104100
2024-09-23,25.12190055847168,25.174870167281597,24.976476608525267,25.020777761794402,121700
2024-09-24,25.11708641052246,25.261547813558956,25.097824400270554,25.14597942590032,132000
2024-09-25,25.272972106933594,25.360657970431827,25.17554316323527,25.17554316323527,83900
2024-09-26,25.526287078857422,25.628586635354548,25.419115053020864,25.536028300931136,98600
2024-09-27,25.459060668945312,25.526286621525447,25.399628437205546,25.458085060113365,71600
2024-09-30,25.33142852783203,25.341171607954422,25.165799882356414,25.341171607954422,128300
2024-10-01,25.13656997680664,25.321684777628395,25.02939981490139,25.321684777628395,157900
2024-10-02,25.428857803344727,25.458085185791653,25.097600508060882,25.107343588310705,170600
2024-10-03,25.409372329711914,25.428858490738314,25.20185010385829,25.311943382882514,96000
2024-10-04,25.516544342041016,25.57500096678322,25.42885847577641,25.458085858996213,116500
2024-10-07,25.33142852783203,25.56525687586187,25.311942367587246,25.56525687586187,135500
2024-10-08,25.20477294921875,25.292456956311764,25.048885520946808,25.292456956311764,235100
2024-10-09,25.272972106933594,25.272972106933594,25.097600379937123,25.204772403835527,90900
2024-10-10,25.63345718383789,25.68217258560043,25.321686045767894,25.370401447530437,112800
2024-10-11,25.867284774780273,25.87215724396416,25.74062845053684,25.77959891249539,105700
2024-10-14,25.93548583984375,26.086498932214596,25.81857073959626,25.90625660020626,117600
2024-10-15,25.896514892578125,25.935487214159917,25.691915779181453,25.799085946926226,244400
2024-10-16,25.916000366210938,25.989070679785485,25.769857880759314,25.954970828456858,110200
2024-10-17,25.93548583984375,26.120598782640432,25.925742759964585,25.9549701412996,100900
2024-10-18,26.130342483520508,26.214131485830624,25.875080474508902,25.925743376103096,119400
2024-10-21,26.062143325805664,26.19854273360166,26.035837194787135,26.19854273360166,182300
2024-10-22,25.867284774780273,26.013429117456752,25.802008182475753,26.013429117456752,167800
2024-10-23,25.730886459350586,26.003687137814875,25.68217291526531,26.003687137814875,74900
2024-10-24,25.5457706451416,25.68704251907276,25.458084782584503,25.6334565076987,252500
2024-10-25,25.701656341552734,25.769857902570237,25.467827992971728,25.467827992971728,56900
2024-10-28,26.3252010345459,26.403143819099224,26.032914198744002,26.032914198744002,132400
2024-10-29,26.549285888671875,26.74609127718904,26.520056648062408,26.63697175219775,66200
2024-10-30,26.48108673095703,26.48108673095703,26.261872067627404,26.34468732190863,119000
2024-10-31,26.062143325805664,26.329097779851082,26.03291408486257,26.295971678442754,162900
2024-11-01,26.227771759033203,26.359300554742536,25.96471416761454,25.97445724784885,294500
2024-11-04,26.032913208007812,26.091371687924973,25.896513804806094,26.032913208007812,180900
2024-11-05,26.091371536254883,26.179057397318406,26.003685675191356,26.013428755120913,207300
2024-11-06,25.90625762939453,26.052400116782895,25.86533780725789,25.99394349348806,130700
2024-11-07,25.954971313476562,26.119626211756355,25.89164407885573,25.916000850502403,115700
2024-11-08,25.71139907836914,25.906256962069268,25.52628613298677,25.906256962069268,294200
2024-11-11,25.623714447021484,25.67242984943715,25.428858412266596,25.555514741942144,134400
2024-11-12,25.98419952392578,26.110855846446935,25.789341641875176,25.8770275029677,182600
2024-11-13,26.032913208007812,26.139111479045575,25.87702764483371,25.93548612475087,306400
2024-11-14,26.3252010345459,26.354428417314292,25.993943735618625,26.023171118387015,91800
2024-11-15,26.247257232666016,26.453805696641773,26.10111474958074,26.383656635771942,229500
2024-11-18,26.188798904418945,26.247257384633517,26.101114900702097,26.101114900702097,141200
2024-11-19,26.40314292907715,26.45185647091743,26.01440276995947,26.09137180137332,75100
2024-11-20,26.75388526916504,26.758757738467267,26.500572614525947,26.58825847894046,121300
2024-11-21,27.05591583251953,27.065658913055106,26.71491544698489,26.773372071895725,145500
2024-11-22,27.29948616027832,27.433938064575194,27.138728125435968,27.192314137050083,150600
2024-11-25,26.958486557006836,27.377429723419098,26.958486557006836,27.08514288582091,366700
2024-11-26,27.29948616027832,27.402759464808874,27.01694241115025,27.046171651567732,184200
2024-11-27,27.1630859375,27.211801340062536,26.96822990215765,26.96822990215765,165900
2024-11-29,27.085142135620117,27.230310870696144,27.036428593187637,27.10462829591412,38100
2024-12-02,26.831829071044922,27.195236849239013,26.714913969387204,27.09488479774541,520900
2024-12-03,26.53954315185547,26.690558109504522,26.41288682418074,26.471343447853496,197400
2024-12-04,26.520055770874023,26.900028453018844,26.47134222977205,26.792856432631527,220500
2024-12-05,26.568771362304688,26.92925602899066,26.53954212245076,26.841570167731373,280400
2024-12-06,26.471343994140625,26.54733742065322,26.37391504714036,26.40314428873122,209900
2024-12-09,26.75388526916504,26.861057294183347,26.520056916827183,26.763628349466934,505800
2024-12-10,27.075401306152344,27.11437176900258,26.919513879843727,27.016942824423154,369400
2024-12-11,27.124114990234375,27.1338580705732,26.69835185677077,26.792857691924556,147500
2024-12-12,27.24102783203125,27.309229393387394,27.153343826892705,27.202057369558844,140800
2024-12-13,27.55280113220215,27.601514675414386,27.338457082142156,27.348200162445117,253100
2024-12-16,27.659971237182617,27.884058367045327,27.630743854641544,27.786629422535785,385100
2024-12-17,27.796371459960938,27.815855761489797,27.591770498336807,27.71842867893805,313600
2024-12-18,28.22505760192871,28.322486548911694,27.835343672299377,27.903543377696685,353000
2024-12-19,27.825599670410156,28.419914554855072,27.81585659020421,28.419914554855072,430600
2024-12-20,27.96200180053711,28.029225896924697,27.776886987499104,27.874315934271873,240100
2024-12-23,27.809999465942383,27.989999771118164,27.770000457763672,27.979999542236328,685400
2024-12-24,27.760000228881836,27.889999389648438,27.704999923706055,27.81999969482422,317100
2024-12-26,27.700000762939453,27.760000228881836,27.540000915527344,27.639999389648438,310600
2024-12-27,27.479999542236328,27.690000534057617,27.3700008392334,27.690000534057617,686400
2024-12-30,27.770000457763672,27.93000030517578,27.729000091552734,27.760000228881836,538000
2024-12-31,27.889999389648438,27.940000534057617,27.698999404907227,27.709999084472656,541600
2025-01-02,27.979999542236328,27.989999771118164,27.700000762939453,27.8700008392334,485800
