Date,Adj Close,Close,High,Low,Open,Volume
2021-07-01,26.989999771118164,26.989999771118164,35.0,16.0,22.0,2339600
2021-07-02,23.959999084472656,23.959999084472656,29.799999237060547,23.5,29.799999237060547,2002700
2021-07-06,21.75,21.75,23.75,19.780000686645508,23.389999389648438,1570000
2021-07-07,21.450000762939453,21.450000762939453,22.700000762939453,20.18000030517578,21.100000381469727,846900
2021-07-08,19.229999542236328,19.229999542236328,21.450000762939453,19.110000610351562,21.450000762939453,765400
2021-07-09,20.899999618530273,20.899999618530273,21.43000030517578,18.600000381469727,19.100000381469727,904800
2021-07-12,21.350000381469727,21.350000381469727,23.739999771118164,20.25,20.25,633700
2021-07-13,20.100000381469727,20.100000381469727,23.0,19.799999237060547,23.0,343300
2021-07-14,19.43000030517578,19.43000030517578,21.0,19.079999923706055,21.0,414100
2021-07-15,19.1200008392334,19.1200008392334,19.5,19.0,19.5,266100
2021-07-16,19.0,19.0,20.0,18.809999465942383,19.1200008392334,221300
2021-07-19,17.920000076293945,17.920000076293945,18.989999771118164,17.350000381469727,18.25,575600
2021-07-20,17.8799991607666,17.8799991607666,18.700000762939453,17.809999465942383,18.0,470700
2021-07-21,17.850000381469727,17.850000381469727,18.239999771118164,17.31999969482422,17.825000762939453,292200
2021-07-22,17.260000228881836,17.260000228881836,18.239999771118164,17.18000030517578,18.0,240800
2021-07-23,16.770000457763672,16.770000457763672,18.18000030517578,16.600000381469727,18.18000030517578,250700
2021-07-26,15.0,15.0,16.75,15.0,16.0,846200
2021-07-27,15.630000114440918,15.630000114440918,15.989999771118164,14.149999618530273,15.0,370200
2021-07-28,16.0,16.0,17.75,15.8100004196167,15.989999771118164,643000
2021-07-29,17.790000915527344,17.790000915527344,18.5,15.899999618530273,16.790000915527344,467000
2021-07-30,18.75,18.75,19.100000381469727,17.75,17.780000686645508,291800
2021-08-02,18.100000381469727,18.100000381469727,19.25,17.5,18.700000762939453,242100
2021-08-03,17.549999237060547,17.549999237060547,20.0,16.700000762939453,20.0,273800
2021-08-04,16.600000381469727,16.600000381469727,17.989999771118164,16.469999313354492,17.350000381469727,396100
2021-08-05,16.520000457763672,16.520000457763672,17.5,16.18000030517578,16.18000030517578,206300
2021-08-06,16.440000534057617,16.440000534057617,17.0,16.360000610351562,17.0,197900
2021-08-09,16.75,16.75,17.850000381469727,16.479999542236328,17.25,418400
2021-08-10,16.829999923706055,16.829999923706055,17.299999237060547,16.709999084472656,17.200000762939453,292300
2021-08-11,16.649999618530273,16.649999618530273,18.0,16.100000381469727,18.0,166000
2021-08-12,16.399999618530273,16.399999618530273,17.0,16.049999237060547,17.0,110500
2021-08-13,16.0,16.0,16.59000015258789,16.0,16.399999618530273,352000
2021-08-16,15.949999809265137,15.949999809265137,16.850000381469727,15.0,16.0,266700
2021-08-17,15.25,15.25,15.399999618530273,14.75,15.395000457763672,402900
2021-08-18,15.1899995803833,15.1899995803833,15.300000190734863,15.050000190734863,15.050000190734863,141800
2021-08-19,15.010000228881836,15.010000228881836,15.300000190734863,14.914999961853027,15.25,117500
2021-08-20,15.09000015258789,15.09000015258789,17.0,15.010000228881836,17.0,79300
2021-08-23,15.5600004196167,15.5600004196167,15.850000381469727,15.100000381469727,15.100000381469727,124200
2021-08-24,16.110000610351562,16.110000610351562,16.25,15.100000381469727,15.100000381469727,105100
2021-08-25,16.950000762939453,16.950000762939453,17.0,16.100000381469727,16.100000381469727,232400
2021-08-26,16.079999923706055,16.079999923706055,17.0,16.0,16.75,227200
2021-08-27,15.800000190734863,15.800000190734863,17.0,15.510000228881836,16.139999389648438,86800
2021-08-30,16.899999618530273,16.899999618530273,16.989999771118164,16.049999237060547,16.049999237060547,242300
2021-08-31,16.799999237060547,16.799999237060547,17.010000228881836,16.5,16.5,146600
2021-09-01,16.700000762939453,16.700000762939453,16.950000762939453,16.549999237060547,16.600000381469727,137200
2021-09-02,16.690000534057617,16.690000534057617,17.0,16.559999465942383,16.600000381469727,104100
2021-09-03,16.56999969482422,16.56999969482422,16.959999084472656,16.299999237060547,16.959999084472656,112800
2021-09-07,16.899999618530273,16.899999618530273,16.899999618530273,16.100000381469727,16.280000686645508,275600
2021-09-08,16.5,16.5,17.0,16.200000762939453,17.0,200700
2021-09-09,15.760000228881836,15.760000228881836,16.899999618530273,15.75,16.100000381469727,333600
2021-09-10,15.90999984741211,15.90999984741211,16.100000381469727,15.649999618530273,15.760000228881836,66100
2021-09-13,15.850000381469727,15.850000381469727,16.350000381469727,15.770000457763672,15.800000190734863,212800
2021-09-14,15.682000160217285,15.682000160217285,15.899999618530273,15.65999984741211,15.800000190734863,97300
2021-09-15,15.75,15.75,16.0,15.0,15.0,95400
2021-09-16,16.200000762939453,16.200000762939453,16.200000762939453,15.199999809265137,15.199999809265137,165800
2021-09-17,16.350000381469727,16.350000381469727,16.5,16.040000915527344,16.040000915527344,223900
2021-09-20,16.200000762939453,16.200000762939453,16.200000762939453,15.520000457763672,15.550000190734863,192400
2021-09-21,16.399999618530273,16.399999618530273,16.549999237060547,15.800000190734863,15.850000381469727,136300
2021-09-22,16.549999237060547,16.549999237060547,16.549999237060547,16.049999237060547,16.549999237060547,78900
2021-09-23,16.979999542236328,16.979999542236328,17.0,16.100000381469727,16.549999237060547,129500
2021-09-24,18.950000762939453,18.950000762939453,19.399999618530273,16.809999465942383,16.979999542236328,406000
2021-09-27,19.5,19.5,19.700000762939453,18.100000381469727,19.399999618530273,467000
2021-09-28,19.290000915527344,19.290000915527344,20.0,18.899999618530273,20.0,259900
2021-09-29,19.200000762939453,19.200000762939453,19.75,19.100000381469727,19.280000686645508,141200
2021-09-30,19.549999237060547,19.549999237060547,20.020000457763672,18.709999084472656,19.549999237060547,164200
2021-10-01,19.299999237060547,19.299999237060547,20.0,19.25,19.780000686645508,110700
2021-10-04,20.15999984741211,20.15999984741211,20.200000762939453,19.31999969482422,20.0,271700
2021-10-05,22.149999618530273,22.149999618530273,22.84000015258789,20.399999618530273,20.739999771118164,483200
2021-10-06,26.5,26.5,26.5,22.5,23.0,533000
2021-10-07,26.0,26.0,30.149999618530273,25.299999237060547,26.809999465942383,1659300
2021-10-08,26.25,26.25,26.5,24.0,25.75,641800
2021-10-11,26.75,26.75,27.5,26.219999313354492,26.25,363200
2021-10-12,26.899999618530273,26.899999618530273,27.399999618530273,26.600000381469727,26.770000457763672,409100
2021-10-13,26.950000762939453,26.950000762939453,27.299999237060547,25.010000228881836,26.25,429600
2021-10-14,26.68000030517578,26.68000030517578,27.350000381469727,26.360000610351562,27.100000381469727,496800
2021-10-15,25.701000213623047,25.701000213623047,27.0,24.899999618530273,26.600000381469727,384000
2021-10-18,25.875,25.875,26.950000762939453,24.959999084472656,25.700000762939453,394800
2021-10-19,22.5,22.5,26.100000381469727,22.40999984741211,25.799999237060547,870000
2021-10-20,25.059999465942383,25.059999465942383,25.450000762939453,20.549999237060547,22.5,907000
2021-10-21,25.549999237060547,25.549999237060547,25.940000534057617,25.0,25.0,260700
2021-10-22,24.690000534057617,24.690000534057617,25.889999389648438,23.5,25.299999237060547,241000
2021-10-25,27.170000076293945,27.170000076293945,28.25,25.600000381469727,26.799999237060547,2120800
2021-10-26,27.450000762939453,27.450000762939453,29.549999237060547,26.549999237060547,28.75,1669200
2021-10-27,27.010000228881836,27.010000228881836,28.559999465942383,25.549999237060547,28.559999465942383,1078800
2021-10-28,28.459999084472656,28.459999084472656,29.229999542236328,27.209999084472656,28.0,1302500
2021-10-29,31.020000457763672,31.020000457763672,32.29999923706055,28.6200008392334,29.0,1976600
2021-11-01,34.150001525878906,34.150001525878906,34.41999816894531,32.5,33.0,1657400
2021-11-02,35.060001373291016,35.060001373291016,46.0,30.75,33.470001220703125,6384500
2021-11-03,31.799999237060547,31.799999237060547,35.599998474121094,30.700000762939453,33.150001525878906,2379500
2021-11-04,32.619998931884766,32.619998931884766,35.75,31.81999969482422,32.0,1454300
2021-11-05,34.38999938964844,34.38999938964844,35.470001220703125,33.84000015258789,34.0,1082500
2021-11-08,32.619998931884766,32.619998931884766,36.25,32.54999923706055,35.599998474121094,1139700
2021-11-09,32.619998931884766,32.619998931884766,32.619998931884766,32.619998931884766,32.619998931884766,0
2021-11-10,25.389999389648438,25.389999389648438,26.34000015258789,24.989999771118164,26.260000228881836,10156500
2021-11-11,26.420000076293945,26.420000076293945,27.229999542236328,25.200000762939453,25.809999465942383,4830800
2021-11-12,26.969999313354492,26.969999313354492,27.399999618530273,26.5,26.989999771118164,4595700
2021-11-15,24.920000076293945,24.920000076293945,27.18000030517578,24.5,26.979999542236328,7212900
2021-11-16,23.110000610351562,23.110000610351562,24.700000762939453,22.0,24.700000762939453,11493000
2021-11-17,23.030000686645508,23.030000686645508,24.8799991607666,22.770000457763672,22.841999053955078,4321500
2021-11-18,21.459999084472656,21.459999084472656,23.59000015258789,21.15999984741211,23.149999618530273,4299800
2021-11-19,20.829999923706055,20.829999923706055,21.5,19.729999542236328,21.388999938964844,5859600
2021-11-22,22.510000228881836,22.510000228881836,23.209999084472656,20.829999923706055,21.0,5723900
2021-11-23,21.969999313354492,21.969999313354492,23.139999389648438,21.510000228881836,22.5,2326200
2021-11-24,24.399999618530273,24.399999618530273,24.989999771118164,21.510000228881836,22.010000228881836,6469000
2021-11-26,23.8700008392334,23.8700008392334,24.399999618530273,21.760000228881836,22.829999923706055,3774800
2021-11-29,25.299999237060547,25.299999237060547,25.799999237060547,23.520000457763672,25.670000076293945,8224300
2021-11-30,24.15999984741211,24.15999984741211,25.100000381469727,23.479999542236328,24.610000610351562,6057700
2021-12-01,23.139999389648438,23.139999389648438,25.219999313354492,22.889999389648438,24.600000381469727,7325800
2021-12-02,24.280000686645508,24.280000686645508,24.350000381469727,22.899999618530273,23.09000015258789,3306800
2021-12-03,24.059999465942383,24.059999465942383,24.219999313354492,23.440000534057617,24.100000381469727,4566900
2021-12-06,25.979999542236328,25.979999542236328,26.25,23.950000762939453,24.920000076293945,11682300
2021-12-07,26.170000076293945,26.170000076293945,26.8700008392334,25.799999237060547,26.610000610351562,5340500
2021-12-08,26.59000015258789,26.59000015258789,26.93000030517578,25.975000381469727,26.530000686645508,5809900
2021-12-09,25.93000030517578,25.93000030517578,26.739999771118164,25.260000228881836,26.229999542236328,3682100
2021-12-10,24.920000076293945,24.920000076293945,25.89900016784668,24.6299991607666,25.850000381469727,5530500
2021-12-13,23.899999618530273,23.899999618530273,25.25,23.559999465942383,25.0,3108800
2021-12-14,22.579999923706055,22.579999923706055,23.325000762939453,22.510000228881836,23.25,3882300
2021-12-15,22.309999465942383,22.309999465942383,23.34000015258789,21.489999771118164,22.520000457763672,4546300
2021-12-16,21.010000228881836,21.010000228881836,23.121999740600586,20.375,22.8799991607666,6367900
2021-12-17,20.940000534057617,20.940000534057617,22.56999969482422,20.299999237060547,20.81999969482422,9308200
2021-12-20,20.8799991607666,20.8799991607666,20.969999313354492,19.610000610351562,20.56999969482422,4566700
2021-12-21,22.1299991607666,22.1299991607666,22.315000534057617,21.2549991607666,21.440000534057617,3574300
2021-12-22,22.920000076293945,22.920000076293945,23.799999237060547,22.010000228881836,22.190000534057617,4629300
2021-12-23,24.0,24.0,24.360000610351562,23.200000762939453,23.399999618530273,6594900
2021-12-27,24.989999771118164,24.989999771118164,25.299999237060547,24.149999618530273,24.170000076293945,4828200
2021-12-28,24.56999969482422,24.56999969482422,25.079999923706055,24.15999984741211,25.0,3805600
2021-12-29,24.579999923706055,24.579999923706055,24.959999084472656,24.459999084472656,24.549999237060547,3510800
2021-12-30,24.329999923706055,24.329999923706055,24.979999542236328,23.989999771118164,24.420000076293945,5412900
2021-12-31,24.989999771118164,24.989999771118164,25.159000396728516,24.329999923706055,24.3700008392334,6899500
2022-01-03,24.75,24.75,25.979999542236328,23.950000762939453,25.959999084472656,6911100
2022-01-04,24.549999237060547,24.549999237060547,24.899999618530273,24.110000610351562,24.540000915527344,6277500
2022-01-05,23.700000762939453,23.700000762939453,25.25,23.690000534057617,24.75,6789600
2022-01-06,24.0,24.0,24.280000686645508,22.399999618530273,23.40999984741211,6549100
2022-01-07,24.309999465942383,24.309999465942383,24.670000076293945,22.891000747680664,24.23200035095215,18671100
2022-01-10,24.68000030517578,24.68000030517578,24.850000381469727,23.59000015258789,24.3799991607666,6335100
2022-01-11,24.40999984741211,24.40999984741211,25.06999969482422,24.1200008392334,24.579999923706055,4549400
2022-01-12,24.43000030517578,24.43000030517578,24.920000076293945,24.219999313354492,24.600000381469727,3775500
2022-01-13,24.15999984741211,24.15999984741211,24.979999542236328,23.969999313354492,24.690000534057617,5167900
2022-01-14,24.0,24.0,24.399999618530273,23.360000610351562,23.790000915527344,5001900
2022-01-18,23.68000030517578,23.68000030517578,24.360000610351562,23.312000274658203,23.399999618530273,3431200
2022-01-19,21.700000762939453,21.700000762939453,23.9950008392334,21.649999618530273,23.719999313354492,5327600
2022-01-20,20.93000030517578,20.93000030517578,22.440000534057617,20.860000610351562,21.790000915527344,6200600
2022-01-21,19.0,19.0,20.8799991607666,18.43000030517578,20.621999740600586,12059000
2022-01-24,18.510000228881836,18.510000228881836,18.530000686645508,16.94499969482422,18.25,8733500
2022-01-25,18.25,18.25,18.65999984741211,17.799999237060547,17.889999389648438,4890200
2022-01-26,18.260000228881836,18.260000228881836,19.84000015258789,18.15999984741211,18.850000381469727,5676000
2022-01-27,17.739999771118164,17.739999771118164,18.969999313354492,17.549999237060547,18.360000610351562,5497100
2022-01-28,18.18000030517578,18.18000030517578,18.329999923706055,17.399999618530273,17.65999984741211,3909300
2022-01-31,19.260000228881836,19.260000228881836,19.489999771118164,18.184999465942383,18.440000534057617,4060500
2022-02-01,19.959999084472656,19.959999084472656,20.06999969482422,19.100000381469727,19.530000686645508,4694600
2022-02-02,19.75,19.75,20.40999984741211,19.559999465942383,20.049999237060547,2606000
2022-02-03,19.25,19.25,20.30500030517578,19.200000762939453,19.260000228881836,3201900
2022-02-04,19.739999771118164,19.739999771118164,20.1200008392334,19.200000762939453,19.610000610351562,6446000
2022-02-07,19.360000610351562,19.360000610351562,19.704999923706055,18.8799991607666,19.399999618530273,15931000
2022-02-08,20.0,20.0,20.270000457763672,19.15999984741211,19.299999237060547,5956300
2022-02-09,20.799999237060547,20.799999237060547,20.940000534057617,20.25,20.25,6209300
2022-02-10,20.799999237060547,20.799999237060547,21.829999923706055,20.450000762939453,20.58300018310547,6602400
2022-02-11,19.84000015258789,19.84000015258789,21.299999237060547,19.709999084472656,20.75,6494700
2022-02-14,20.420000076293945,20.420000076293945,20.75,19.6299991607666,19.700000762939453,4828900
2022-02-15,19.760000228881836,19.760000228881836,20.969999313354492,18.950000762939453,20.84000015258789,8805400
2022-02-16,19.450000762939453,19.450000762939453,19.790000915527344,19.1299991607666,19.68000030517578,5521600
2022-02-17,18.93000030517578,18.93000030517578,20.030000686645508,18.889999389648438,19.190000534057617,4228500
2022-02-18,18.309999465942383,18.309999465942383,19.15999984741211,18.18000030517578,19.15999984741211,5134400
2022-02-22,17.959999084472656,17.959999084472656,18.84000015258789,17.65999984741211,18.200000762939453,5465700
2022-02-23,17.190000534057617,17.190000534057617,18.399999618530273,17.190000534057617,18.280000686645508,10000000
2022-02-24,19.75,19.75,19.94499969482422,15.0,15.15999984741211,11152000
2022-02-25,20.809999465942383,20.809999465942383,20.989999771118164,19.40999984741211,19.969999313354492,7035400
2022-02-28,20.31999969482422,20.31999969482422,21.34000015258789,20.135000228881836,20.239999771118164,6014800
2022-03-01,19.06999969482422,19.06999969482422,20.299999237060547,18.719999313354492,20.270000457763672,5036800
2022-03-02,20.209999084472656,20.209999084472656,20.3799991607666,19.06999969482422,19.06999969482422,6133000
2022-03-03,19.90999984741211,19.90999984741211,20.5,19.56999969482422,20.469999313354492,3417000
2022-03-04,19.209999084472656,19.209999084472656,20.09000015258789,18.989999771118164,19.719999313354492,4421700
2022-03-07,18.229999542236328,18.229999542236328,20.07900047302246,18.040000915527344,19.06999969482422,7110200
2022-03-08,18.59000015258789,18.59000015258789,19.3799991607666,17.559999465942383,18.200000762939453,6116100
2022-03-09,20.040000915527344,20.040000915527344,20.424999237060547,18.989999771118164,19.0,6726400
2022-03-10,21.079999923706055,21.079999923706055,21.139999389648438,19.56999969482422,19.56999969482422,7152900
2022-03-11,21.540000915527344,21.540000915527344,21.969999313354492,21.15999984741211,21.209999084472656,5405800
2022-03-14,21.5,21.5,22.440000534057617,21.135000228881836,21.350000381469727,6007200
2022-03-15,22.040000915527344,22.040000915527344,22.25,21.5,21.520000457763672,5789600
2022-03-16,23.5,23.5,23.600000381469727,22.18000030517578,22.18000030517578,11485500
2022-03-17,23.149999618530273,23.149999618530273,23.549999237060547,22.760000228881836,23.350000381469727,10472800
2022-03-18,22.020000457763672,22.020000457763672,23.09000015258789,21.940000534057617,22.860000610351562,10408000
2022-03-21,21.81999969482422,21.81999969482422,22.5,21.709999084472656,22.299999237060547,8329300
2022-03-22,21.940000534057617,21.940000534057617,22.43000030517578,21.83099937438965,21.8700008392334,9155000
2022-03-23,22.450000762939453,22.450000762939453,23.049999237060547,21.610000610351562,21.739999771118164,4807100
2022-03-24,22.899999618530273,22.899999618530273,23.584999084472656,22.610000610351562,22.834999084472656,3404100
2022-03-25,22.649999618530273,22.649999618530273,23.020000457763672,22.1200008392334,22.940000534057617,2119600
2022-03-28,22.440000534057617,22.440000534057617,22.969999313354492,22.239999771118164,22.43000030517578,2198900
2022-03-29,23.059999465942383,23.059999465942383,23.479999542236328,22.559999465942383,22.81999969482422,7758400
2022-03-30,22.020000457763672,22.020000457763672,23.260000228881836,21.989999771118164,23.0,3207700
2022-03-31,22.149999618530273,22.149999618530273,22.799999237060547,22.040000915527344,22.209999084472656,2845200
2022-04-01,21.1200008392334,21.1200008392334,22.510000228881836,20.979999542236328,22.260000228881836,3716200
2022-04-04,23.3799991607666,23.3799991607666,23.420000076293945,21.18000030517578,21.299999237060547,6205500
2022-04-05,21.93000030517578,21.93000030517578,23.25,21.829999923706055,23.1200008392334,3537100
2022-04-06,21.829999923706055,21.829999923706055,21.989999771118164,20.399999618530273,21.38800048828125,4190800
2022-04-07,21.799999237060547,21.799999237060547,22.170000076293945,21.0,21.829999923706055,2874700
2022-04-08,21.190000534057617,21.190000534057617,21.7549991607666,21.079999923706055,21.65999984741211,2141800
2022-04-11,21.709999084472656,21.709999084472656,21.895000457763672,20.700000762939453,21.0,2696700
2022-04-12,21.520000457763672,21.520000457763672,22.280000686645508,21.424999237060547,21.790000915527344,1936900
2022-04-13,22.3799991607666,22.3799991607666,22.40999984741211,21.450000762939453,21.75,2262500
2022-04-14,22.329999923706055,22.329999923706055,22.770000457763672,22.145000457763672,22.290000915527344,2023400
2022-04-18,22.209999084472656,22.209999084472656,22.450000762939453,21.854999542236328,22.15999984741211,1637900
2022-04-19,22.639999389648438,22.639999389648438,23.270000457763672,22.110000610351562,22.309999465942383,3146400
2022-04-20,23.899999618530273,23.899999618530273,24.290000915527344,22.81999969482422,22.850000381469727,6494900
2022-04-21,22.8799991607666,22.8799991607666,24.350000381469727,22.649999618530273,24.260000228881836,4285000
2022-04-22,22.549999237060547,22.549999237060547,23.198999404907227,22.400999069213867,22.690000534057617,4150600
2022-04-25,23.5,23.5,23.56999969482422,22.049999237060547,22.229999542236328,3470900
2022-04-26,23.0,23.0,24.34000015258789,22.891000747680664,24.0,5100300
2022-04-27,23.530000686645508,23.530000686645508,23.799999237060547,23.1299991607666,23.170000076293945,5574200
2022-04-28,21.920000076293945,21.920000076293945,23.75,20.420000076293945,23.719999313354492,12399700
2022-04-29,20.059999465942383,20.059999465942383,22.309999465942383,20.010000228881836,22.020000457763672,6480900
2022-05-02,20.459999084472656,20.459999084472656,21.40999984741211,19.799999237060547,20.0,6420200
2022-05-03,19.520000457763672,19.520000457763672,20.479999542236328,19.299999237060547,20.459999084472656,6734600
2022-05-04,20.719999313354492,20.719999313354492,20.80500030517578,19.309999465942383,19.520000457763672,5366300
2022-05-05,20.350000381469727,20.350000381469727,21.024999618530273,19.860000610351562,20.5,4513800
2022-05-06,20.06999969482422,20.06999969482422,20.625,19.53499984741211,20.1200008392334,4292800
2022-05-09,17.440000534057617,17.440000534057617,19.850000381469727,17.280000686645508,19.549999237060547,7040400
2022-05-10,16.770000457763672,16.770000457763672,18.059999465942383,16.260000228881836,18.0,7374500
2022-05-11,17.65999984741211,17.65999984741211,19.200000762939453,16.895000457763672,17.020000457763672,9955400
2022-05-12,18.469999313354492,18.469999313354492,18.75,17.19499969482422,17.200000762939453,5307600
2022-05-13,18.979999542236328,18.979999542236328,19.290000915527344,18.479999542236328,18.559999465942383,4683100
2022-05-16,18.75,18.75,19.549999237060547,18.649999618530273,18.850000381469727,4336500
2022-05-17,19.6299991607666,19.6299991607666,19.934999465942383,19.229999542236328,19.229999542236328,4691200
2022-05-18,18.469999313354492,18.469999313354492,19.600000381469727,18.3700008392334,19.59000015258789,4207000
2022-05-19,18.489999771118164,18.489999771118164,19.010000228881836,18.059999465942383,18.059999465942383,4509100
2022-05-20,18.450000762939453,18.450000762939453,19.510000228881836,18.030000686645508,18.530000686645508,5526200
2022-05-23,19.600000381469727,19.600000381469727,19.770000457763672,18.579999923706055,18.719999313354492,5002400
2022-05-24,18.34000015258789,18.34000015258789,19.709999084472656,18.31999969482422,19.280000686645508,4225900
2022-05-25,18.829999923706055,18.829999923706055,19.1200008392334,18.104000091552734,18.18000030517578,4744200
2022-05-26,19.290000915527344,19.290000915527344,19.90999984741211,18.979999542236328,18.979999542236328,5167000
2022-05-27,20.100000381469727,20.100000381469727,20.17799949645996,19.43000030517578,19.56999969482422,5077800
2022-05-31,20.06999969482422,20.06999969482422,20.219999313354492,19.440000534057617,20.0,10779800
2022-06-01,19.780000686645508,19.780000686645508,20.75,19.6299991607666,20.079999923706055,4926100
2022-06-02,20.190000534057617,20.190000534057617,20.450000762939453,19.729999542236328,19.770000457763672,3222000
2022-06-03,19.969999313354492,19.969999313354492,20.110000610351562,19.600000381469727,19.940000534057617,4726400
2022-06-06,18.959999084472656,18.959999084472656,20.15999984741211,18.920000076293945,19.860000610351562,5325900
2022-06-07,18.1299991607666,18.1299991607666,18.8700008392334,17.719999313354492,18.399999618530273,7046500
2022-06-08,18.469999313354492,18.469999313354492,19.040000915527344,18.184999465942383,18.700000762939453,4083300
2022-06-09,17.65999984741211,17.65999984741211,18.6200008392334,17.639999389648438,18.09000015258789,3840500
2022-06-10,17.450000762939453,17.450000762939453,17.780000686645508,17.020000457763672,17.309999465942383,4197800
2022-06-13,16.469999313354492,16.469999313354492,17.059999465942383,16.420000076293945,16.530000686645508,7817800
2022-06-14,17.239999771118164,17.239999771118164,17.389999389648438,16.3799991607666,16.719999313354492,3904200
2022-06-15,18.110000610351562,18.110000610351562,19.0,17.959999084472656,18.34000015258789,10189300
2022-06-16,17.489999771118164,17.489999771118164,18.510000228881836,17.280000686645508,17.780000686645508,6041700
2022-06-17,17.940000534057617,17.940000534057617,18.149999618530273,17.3799991607666,17.530000686645508,6522900
2022-06-21,17.68000030517578,17.68000030517578,18.510000228881836,17.524999618530273,18.1200008392334,6838500
2022-06-22,17.25,17.25,18.049999237060547,17.141000747680664,17.290000915527344,5215000
2022-06-23,17.469999313354492,17.469999313354492,17.743000030517578,16.854999542236328,17.149999618530273,5739100
2022-06-24,18.229999542236328,18.229999542236328,18.582000732421875,17.459999084472656,17.540000915527344,19173500
2022-06-27,18.360000610351562,18.360000610351562,18.770000457763672,18.1299991607666,18.1299991607666,4026500
2022-06-28,17.639999389648438,17.639999389648438,18.75,17.604999542236328,18.40999984741211,4824800
2022-06-29,17.06999969482422,17.06999969482422,17.770000457763672,16.600000381469727,17.700000762939453,4620700
2022-06-30,15.84000015258789,15.84000015258789,16.739999771118164,15.710000038146973,16.700000762939453,7657400
2022-07-01,16.6200008392334,16.6200008392334,16.759000778198242,15.795000076293945,15.819999694824219,3776900
2022-07-05,16.700000762939453,16.700000762939453,16.700000762939453,15.859999656677246,16.209999084472656,3716100
2022-07-06,16.25,16.25,16.93000030517578,16.010000228881836,16.68000030517578,2806500
2022-07-07,16.950000762939453,16.950000762939453,17.040000915527344,16.384000778198242,16.389999389648438,4980700
2022-07-08,17.0,17.0,17.479999542236328,16.780000686645508,16.920000076293945,3320600
2022-07-11,16.790000915527344,16.790000915527344,17.100000381469727,16.719999313354492,16.760000228881836,4901700
2022-07-12,16.829999923706055,16.829999923706055,17.110000610351562,16.299999237060547,16.579999923706055,3488300
2022-07-13,17.200000762939453,17.200000762939453,17.344999313354492,16.540000915527344,16.559999465942383,3196400
2022-07-14,16.829999923706055,16.829999923706055,17.110000610351562,16.700000762939453,16.760000228881836,2803800
2022-07-15,17.309999465942383,17.309999465942383,17.5,17.0,17.0,3188000
2022-07-18,17.34000015258789,17.34000015258789,18.049999237060547,17.170000076293945,17.56999969482422,3882400
2022-07-19,17.84000015258789,17.84000015258789,17.959999084472656,17.65999984741211,17.68000030517578,3581200
2022-07-20,18.3799991607666,18.3799991607666,18.760000228881836,17.861000061035156,17.8700008392334,4606000
2022-07-21,18.219999313354492,18.219999313354492,18.440000534057617,18.020000457763672,18.31999969482422,2463000
2022-07-22,17.739999771118164,17.739999771118164,18.440000534057617,17.670000076293945,18.18000030517578,3538400
2022-07-25,17.950000762939453,17.950000762939453,18.219999313354492,17.55500030517578,17.860000610351562,4610100
2022-07-26,16.8799991607666,16.8799991607666,17.860000610351562,16.834999084472656,17.739999771118164,5171200
2022-07-27,17.420000076293945,17.420000076293945,17.479999542236328,16.809999465942383,17.079999923706055,8036600
2022-07-28,20.15999984741211,20.15999984741211,20.520000457763672,18.5,18.850000381469727,15967300
2022-07-29,21.420000076293945,21.420000076293945,21.65999984741211,20.139999389648438,20.399999618530273,7711000
2022-08-01,21.479999542236328,21.479999542236328,22.010000228881836,21.139999389648438,21.31999969482422,6818700
2022-08-02,20.59000015258789,20.59000015258789,21.5,20.56999969482422,21.5,5067600
2022-08-03,21.3799991607666,21.3799991607666,22.0,20.75,20.75,4753400
2022-08-04,21.3700008392334,21.3700008392334,22.010000228881836,21.334999084472656,21.450000762939453,3539900
2022-08-05,21.6299991607666,21.6299991607666,22.0,20.829999923706055,20.889999389648438,3643700
2022-08-08,21.989999771118164,21.989999771118164,22.459999084472656,21.700000762939453,21.770000457763672,4324600
2022-08-09,21.700000762939453,21.700000762939453,21.989999771118164,21.540000915527344,21.799999237060547,4008900
2022-08-10,21.899999618530273,21.899999618530273,22.329999923706055,21.760000228881836,22.260000228881836,3627200
2022-08-11,21.649999618530273,21.649999618530273,22.270000457763672,21.610000610351562,22.100000381469727,3398700
2022-08-12,21.510000228881836,21.510000228881836,21.815000534057617,21.399999618530273,21.739999771118164,2430300
2022-08-15,21.68000030517578,21.68000030517578,21.809999465942383,21.139999389648438,21.209999084472656,3289200
2022-08-16,21.739999771118164,21.739999771118164,22.0049991607666,21.594999313354492,21.600000381469727,3663800
2022-08-17,21.040000915527344,21.040000915527344,21.549999237060547,20.850000381469727,21.40999984741211,3397200
2022-08-18,20.219999313354492,20.219999313354492,21.049999237060547,20.100000381469727,20.860000610351562,3714700
2022-08-19,19.639999389648438,19.639999389648438,20.079999923706055,19.44499969482422,19.8700008392334,2784400
2022-08-22,19.469999313354492,19.469999313354492,19.768999099731445,19.190000534057617,19.260000228881836,2809800
2022-08-23,19.450000762939453,19.450000762939453,19.760000228881836,19.18000030517578,19.5,3159400
2022-08-24,19.209999084472656,19.209999084472656,19.604999542236328,19.200000762939453,19.399999618530273,2494000
2022-08-25,19.68000030517578,19.68000030517578,19.78499984741211,19.290000915527344,19.299999237060547,3676300
2022-08-26,19.010000228881836,19.010000228881836,19.860000610351562,18.940000534057617,19.639999389648438,2893000
2022-08-29,18.920000076293945,18.920000076293945,19.270000457763672,18.75,18.799999237060547,2857600
2022-08-30,18.75,18.75,19.1200008392334,18.6299991607666,19.020000457763672,2266600
2022-08-31,18.459999084472656,18.459999084472656,19.18000030517578,18.454999923706055,18.760000228881836,2780500
2022-09-01,18.09000015258789,18.09000015258789,18.399999618530273,17.860000610351562,18.25,4453400
2022-09-02,17.889999389648438,17.889999389648438,18.44499969482422,17.764999389648438,18.350000381469727,2231600
2022-09-06,18.030000686645508,18.030000686645508,18.719999313354492,18.0,18.06999969482422,4115900
2022-09-07,18.219999313354492,18.219999313354492,18.450000762939453,17.959999084472656,17.969999313354492,3221200
2022-09-08,18.90999984741211,18.90999984741211,18.93000030517578,17.979999542236328,18.0,4438400
2022-09-09,19.149999618530273,19.149999618530273,19.25,18.959999084472656,19.1200008392334,2543800
2022-09-12,19.979999542236328,19.979999542236328,19.979999542236328,19.280000686645508,19.280000686645508,3014000
2022-09-13,19.049999237060547,19.049999237060547,19.600000381469727,18.84000015258789,19.229999542236328,2814100
2022-09-14,19.0,19.0,19.350000381469727,18.920000076293945,19.15999984741211,5662400
2022-09-15,19.450000762939453,19.450000762939453,19.815000534057617,18.690000534057617,18.690000534057617,3747500
2022-09-16,18.549999237060547,18.549999237060547,19.094999313354492,18.420000076293945,19.049999237060547,10824200
2022-09-19,18.489999771118164,18.489999771118164,18.760000228881836,18.100000381469727,18.149999618530273,3931900
2022-09-20,18.100000381469727,18.100000381469727,18.709999084472656,17.950000762939453,18.329999923706055,4047600
2022-09-21,17.950000762939453,17.950000762939453,18.639999389648438,17.899999618530273,18.200000762939453,3099200
2022-09-22,16.40999984741211,16.40999984741211,18.010000228881836,16.399999618530273,17.899999618530273,8146300
2022-09-23,16.510000228881836,16.510000228881836,16.520000457763672,15.670000076293945,16.0,5363000
2022-09-26,15.819999694824219,15.819999694824219,16.920000076293945,15.819999694824219,16.459999084472656,3547900
2022-09-27,16.520000457763672,16.520000457763672,17.030000686645508,16.040000915527344,16.170000076293945,4272400
2022-09-28,17.639999389648438,17.639999389648438,17.68000030517578,16.399999618530273,16.479999542236328,3490800
2022-09-29,16.209999084472656,16.209999084472656,17.270000457763672,16.049999237060547,17.139999389648438,4534500
2022-09-30,16.280000686645508,16.280000686645508,16.670000076293945,16.010000228881836,16.020000457763672,3097400
2022-10-03,16.950000762939453,16.950000762939453,17.139999389648438,16.55900001525879,16.709999084472656,2739600
2022-10-04,17.56999969482422,17.56999969482422,17.760000228881836,17.25,17.459999084472656,3333100
2022-10-05,16.84000015258789,16.84000015258789,17.690000534057617,16.790000915527344,17.06999969482422,8803400
2022-10-06,17.299999237060547,17.299999237060547,17.60099983215332,16.75,16.75,3481500
2022-10-07,17.139999389648438,17.139999389648438,17.34000015258789,16.760000228881836,16.889999389648438,3409600
2022-10-10,16.709999084472656,16.709999084472656,17.219999313354492,16.34000015258789,17.219999313354492,4804700
2022-10-11,16.209999084472656,16.209999084472656,16.969999313354492,16.079999923706055,16.520000457763672,5266800
2022-10-12,16.40999984741211,16.40999984741211,16.639999389648438,15.930000305175781,16.110000610351562,3357000
2022-10-13,16.860000610351562,16.860000610351562,17.100000381469727,15.8100004196167,15.8100004196167,2823000
2022-10-14,16.579999923706055,16.579999923706055,17.18000030517578,16.31999969482422,17.0,2727600
2022-10-17,17.190000534057617,17.190000534057617,17.450000762939453,16.90999984741211,16.959999084472656,3366700
2022-10-18,17.260000228881836,17.260000228881836,17.850000381469727,17.1299991607666,17.670000076293945,2701700
2022-10-19,17.049999237060547,17.049999237060547,17.329999923706055,16.8700008392334,17.049999237060547,3015100
2022-10-20,17.15999984741211,17.15999984741211,17.479999542236328,16.899999618530273,17.0,3596700
2022-10-21,17.899999618530273,17.899999618530273,17.950000762939453,17.100000381469727,17.110000610351562,4125600
2022-10-24,18.399999618530273,18.399999618530273,18.510000228881836,17.924999237060547,18.020000457763672,5135000
2022-10-25,19.030000686645508,19.030000686645508,19.399999618530273,18.200000762939453,18.200000762939453,5266000
2022-10-26,18.8799991607666,18.8799991607666,19.30500030517578,18.739999771118164,18.959999084472656,3991600
2022-10-27,18.760000228881836,18.760000228881836,19.3700008392334,17.5,18.979999542236328,5795900
2022-10-28,18.700000762939453,18.700000762939453,19.610000610351562,18.610000610351562,18.610000610351562,3627000
2022-10-31,18.399999618530273,18.399999618530273,18.8700008392334,18.354999542236328,18.510000228881836,3485000
2022-11-01,17.8700008392334,17.8700008392334,18.59000015258789,17.84000015258789,18.530000686645508,3340400
2022-11-02,17.290000915527344,17.290000915527344,18.09000015258789,17.270000457763672,17.790000915527344,2336000
2022-11-03,17.010000228881836,17.010000228881836,17.329999923706055,16.93000030517578,17.049999237060547,2147000
2022-11-04,17.549999237060547,17.549999237060547,17.75,17.174999237060547,17.270000457763672,2485900
2022-11-07,17.93000030517578,17.93000030517578,18.020000457763672,17.079999923706055,17.639999389648438,2497800
2022-11-08,17.540000915527344,17.540000915527344,18.014999389648438,17.290000915527344,17.989999771118164,2141900
2022-11-09,16.65999984741211,16.65999984741211,17.454999923706055,16.524999618530273,17.1299991607666,2821100
2022-11-10,17.5,17.5,17.7549991607666,17.290000915527344,17.3700008392334,3929300
2022-11-11,18.059999465942383,18.059999465942383,18.170000076293945,17.479999542236328,17.670000076293945,2007900
2022-11-14,18.3799991607666,18.3799991607666,18.53499984741211,17.68000030517578,17.809999465942383,3501500
2022-11-15,18.15999984741211,18.15999984741211,18.899999618530273,18.020000457763672,18.690000534057617,1815300
2022-11-16,17.110000610351562,17.110000610351562,17.979999542236328,16.985000610351562,17.950000762939453,2144000
2022-11-17,17.1200008392334,17.1200008392334,17.229999542236328,16.510000228881836,16.93000030517578,5271800
2022-11-18,16.780000686645508,16.780000686645508,17.3799991607666,16.520000457763672,17.329999923706055,1782400
2022-11-21,16.459999084472656,16.459999084472656,16.94499969482422,16.350000381469727,16.639999389648438,2092200
2022-11-22,16.799999237060547,16.799999237060547,16.8700008392334,16.290000915527344,16.450000762939453,1487300
2022-11-23,16.850000381469727,16.850000381469727,16.860000610351562,16.559999465942383,16.729999542236328,1288600
2022-11-25,17.020000457763672,17.020000457763672,17.209999084472656,16.760000228881836,16.8799991607666,786000
2022-11-28,16.8700008392334,16.8700008392334,17.049999237060547,16.75,16.799999237060547,1855700
2022-11-29,16.8799991607666,16.8799991607666,17.135000228881836,16.700000762939453,16.989999771118164,1376500
2022-11-30,17.200000762939453,17.200000762939453,17.209999084472656,16.6200008392334,16.81999969482422,2801900
2022-12-01,17.079999923706055,17.079999923706055,17.450000762939453,16.864999771118164,17.299999237060547,1562900
2022-12-02,16.8700008392334,16.8700008392334,17.135000228881836,16.700000762939453,16.899999618530273,2272200
2022-12-05,16.3700008392334,16.3700008392334,16.7450008392334,16.260000228881836,16.690000534057617,4104000
2022-12-06,16.239999771118164,16.239999771118164,16.5,15.994999885559082,16.239999771118164,3985800
2022-12-07,16.260000228881836,16.260000228881836,16.594999313354492,16.1299991607666,16.15999984741211,2616500
2022-12-08,16.450000762939453,16.450000762939453,16.860000610351562,16.219999313354492,16.479999542236328,2505800
2022-12-09,16.049999237060547,16.049999237060547,16.479999542236328,16.010000228881836,16.34000015258789,1772700
2022-12-12,16.049999237060547,16.049999237060547,16.170000076293945,15.845000267028809,16.049999237060547,1919400
2022-12-13,15.9399995803833,15.9399995803833,16.825000762939453,15.880000114440918,16.56999969482422,2857800
2022-12-14,16.020000457763672,16.020000457763672,16.264999389648438,15.770000457763672,15.899999618530273,3331200
2022-12-15,15.880000114440918,15.880000114440918,15.914999961853027,15.28499984741211,15.6899995803833,4138900
2022-12-16,15.640000343322754,15.640000343322754,15.90999984741211,15.529999732971191,15.600000381469727,4272200
2022-12-19,15.270000457763672,15.270000457763672,15.6850004196167,15.210000038146973,15.65999984741211,3539900
2022-12-20,14.90999984741211,14.90999984741211,15.319999694824219,14.75,15.100000381469727,3718800
2022-12-21,15.069999694824219,15.069999694824219,15.335000038146973,14.989999771118164,15.069999694824219,2286200
2022-12-22,14.6899995803833,14.6899995803833,14.930000305175781,14.489999771118164,14.930000305175781,2355000
2022-12-23,15.210000038146973,15.210000038146973,15.229999542236328,14.59000015258789,14.75,2281600
2022-12-27,15.15999984741211,15.15999984741211,15.510000228881836,15.050000190734863,15.130000114440918,2458600
2022-12-28,14.850000381469727,14.850000381469727,15.260000228881836,14.789999961853027,15.109999656677246,3890800
2022-12-29,15.15999984741211,15.15999984741211,15.239999771118164,14.8100004196167,14.90999984741211,3122200
2022-12-30,15.390000343322754,15.390000343322754,15.420000076293945,14.944999694824219,14.970000267028809,2849500
2023-01-03,15.020000457763672,15.020000457763672,15.600000381469727,14.878999710083008,15.390000343322754,3750500
2023-01-04,15.319999694824219,15.319999694824219,15.399999618530273,14.899999618530273,15.130000114440918,2605400
2023-01-05,15.649999618530273,15.649999618530273,15.699999809265137,14.975000381469727,15.210000038146973,2316900
2023-01-06,15.90999984741211,15.90999984741211,16.209999084472656,15.6850004196167,15.779999732971191,2894100
2023-01-09,16.239999771118164,16.239999771118164,16.440000534057617,16.0,16.020000457763672,1712200
2023-01-10,16.489999771118164,16.489999771118164,16.510000228881836,16.084999084472656,16.25,1855000
2023-01-11,16.770000457763672,16.770000457763672,16.80500030517578,16.489999771118164,16.600000381469727,1975900
2023-01-12,17.100000381469727,17.100000381469727,17.155000686645508,16.610000610351562,16.899999618530273,2999100
2023-01-13,16.889999389648438,16.889999389648438,17.100000381469727,16.655000686645508,16.979999542236328,1657100
2023-01-17,16.790000915527344,16.790000915527344,17.0049991607666,16.649999618530273,16.860000610351562,3467000
2023-01-18,16.969999313354492,16.969999313354492,17.510000228881836,16.850000381469727,17.280000686645508,3308000
2023-01-19,16.600000381469727,16.600000381469727,16.899999618530273,16.30500030517578,16.770000457763672,1922700
2023-01-20,17.219999313354492,17.219999313354492,17.235000610351562,16.540000915527344,16.709999084472656,2075900
2023-01-23,17.40999984741211,17.40999984741211,17.510000228881836,17.209999084472656,17.350000381469727,1465900
2023-01-24,17.420000076293945,17.420000076293945,17.59000015258789,17.260000228881836,17.329999923706055,1511900
2023-01-25,17.1299991607666,17.1299991607666,17.209999084472656,16.65999984741211,17.110000610351562,1966800
2023-01-26,17.260000228881836,17.260000228881836,17.5,17.079999923706055,17.239999771118164,1356700
2023-01-27,17.56999969482422,17.56999969482422,17.719999313354492,17.231000900268555,17.280000686645508,2206700
2023-01-30,16.950000762939453,16.950000762939453,17.4950008392334,16.93000030517578,17.329999923706055,3236700
2023-01-31,18.020000457763672,18.020000457763672,18.045000076293945,17.0,17.0,2037100
2023-02-01,18.65999984741211,18.65999984741211,18.68000030517578,17.847000122070312,17.969999313354492,3049000
2023-02-02,18.579999923706055,18.579999923706055,19.204999923706055,18.40999984741211,18.809999465942383,3400800
2023-02-03,18.15999984741211,18.15999984741211,18.600000381469727,18.049999237060547,18.219999313354492,2159100
2023-02-06,17.68000030517578,17.68000030517578,18.100000381469727,17.34000015258789,18.030000686645508,2538100
2023-02-07,19.0,19.0,19.469999313354492,18.479999542236328,19.139999389648438,10294900
2023-02-08,19.0,19.0,19.09000015258789,18.559999465942383,19.0,3772200
2023-02-09,18.670000076293945,18.670000076293945,19.43000030517578,18.584999084472656,19.290000915527344,3863000
2023-02-10,18.31999969482422,18.31999969482422,18.75,18.125,18.56999969482422,2605000
2023-02-13,18.739999771118164,18.739999771118164,19.125,18.579999923706055,18.790000915527344,3893900
2023-02-14,19.219999313354492,19.219999313354492,19.51099967956543,18.665000915527344,18.68000030517578,4633300
2023-02-15,19.829999923706055,19.829999923706055,19.850000381469727,19.125,19.139999389648438,3119000
2023-02-16,19.940000534057617,19.940000534057617,20.34000015258789,19.450000762939453,19.469999313354492,3794500
2023-02-17,19.459999084472656,19.459999084472656,19.8700008392334,19.350000381469727,19.790000915527344,2359100
2023-02-21,18.850000381469727,18.850000381469727,19.40999984741211,18.760000228881836,19.309999465942383,2790300
2023-02-22,18.65999984741211,18.65999984741211,19.03499984741211,18.579999923706055,18.84000015258789,1901100
2023-02-23,18.610000610351562,18.610000610351562,18.93000030517578,18.56999969482422,18.6299991607666,1692700
2023-02-24,18.549999237060547,18.549999237060547,18.739999771118164,18.270000457763672,18.299999237060547,2197800
2023-02-27,18.450000762939453,18.450000762939453,18.8799991607666,18.350000381469727,18.739999771118164,1808500
2023-02-28,18.510000228881836,18.510000228881836,18.780000686645508,18.469999313354492,18.510000228881836,2782000
2023-03-01,18.399999618530273,18.399999618530273,18.709999084472656,18.34000015258789,18.3799991607666,1788000
2023-03-02,18.350000381469727,18.350000381469727,18.458999633789062,18.1200008392334,18.270000457763672,2037400
2023-03-03,18.770000457763672,18.770000457763672,18.899999618530273,18.399999618530273,18.399999618530273,2104200
2023-03-06,19.59000015258789,19.59000015258789,20.479999542236328,19.399999618530273,19.459999084472656,8158000
2023-03-07,19.559999465942383,19.559999465942383,20.0,19.440000534057617,19.510000228881836,3307800
2023-03-08,19.829999923706055,19.829999923706055,19.8799991607666,19.344999313354492,19.450000762939453,2780800
2023-03-09,18.479999542236328,18.479999542236328,20.03499984741211,18.46500015258789,19.920000076293945,3830000
2023-03-10,17.209999084472656,17.209999084472656,18.3700008392334,17.010000228881836,18.350000381469727,5539200
2023-03-13,16.969999313354492,16.969999313354492,17.049999237060547,16.219999313354492,16.739999771118164,4505500
2023-03-14,16.389999389648438,16.389999389648438,17.700000762939453,16.125,17.3700008392334,5004000
2023-03-15,16.0,16.0,16.030000686645508,15.5600004196167,15.949999809265137,4921600
2023-03-16,16.25,16.25,16.34000015258789,15.625,15.699999809265137,4568300
2023-03-17,15.380000114440918,15.380000114440918,16.1200008392334,15.024999618530273,16.110000610351562,27113100
2023-03-20,15.40999984741211,15.40999984741211,16.014999389648438,15.34000015258789,15.460000038146973,5459900
2023-03-21,16.329999923706055,16.329999923706055,16.68000030517578,15.75,15.75,3827900
2023-03-22,16.229999542236328,16.229999542236328,16.829999923706055,16.094999313354492,16.309999465942383,5321300
2023-03-23,16.43000030517578,16.43000030517578,17.079999923706055,16.059999465942383,16.329999923706055,3775200
2023-03-24,15.619999885559082,15.619999885559082,16.329999923706055,15.4350004196167,16.299999237060547,4964200
2023-03-27,15.520000457763672,15.520000457763672,15.949999809265137,15.09000015258789,15.65999984741211,3836400
2023-03-28,15.199999809265137,15.199999809265137,15.600000381469727,15.149999618530273,15.489999771118164,3556000
2023-03-29,15.680000305175781,15.680000305175781,15.8100004196167,15.399999618530273,15.4399995803833,2887700
2023-03-30,15.779999732971191,15.779999732971191,15.920000076293945,15.59000015258789,15.899999618530273,3138000
2023-03-31,16.290000915527344,16.290000915527344,16.415000915527344,15.850000381469727,15.869999885559082,2830200
2023-04-03,16.15999984741211,16.15999984741211,16.530000686645508,15.994999885559082,16.290000915527344,3760000
2023-04-04,15.890000343322754,15.890000343322754,16.440000534057617,15.845000267028809,16.299999237060547,4131400
2023-04-05,15.079999923706055,15.079999923706055,15.779999732971191,14.979999542236328,15.75,4157700
2023-04-06,15.15999984741211,15.15999984741211,15.40999984741211,14.85099983215332,15.085000038146973,3404400
2023-04-10,15.899999618530273,15.899999618530273,15.928999900817871,15.010000228881836,15.020000457763672,4369100
2023-04-11,16.260000228881836,16.260000228881836,16.28499984741211,15.920000076293945,15.970000267028809,2700200
2023-04-12,15.649999618530273,15.649999618530273,16.420000076293945,15.493000030517578,16.3799991607666,3544400
2023-04-13,15.680000305175781,15.680000305175781,15.829999923706055,15.484999656677246,15.720000267028809,4493400
2023-04-14,15.350000381469727,15.350000381469727,15.704999923706055,15.199999809265137,15.699999809265137,3020500
2023-04-17,15.510000228881836,15.510000228881836,15.6899995803833,15.362000465393066,15.420000076293945,2417800
2023-04-18,15.149999618530273,15.149999618530273,15.579999923706055,15.104999542236328,15.550000190734863,3474600
2023-04-19,15.65999984741211,15.65999984741211,15.734999656677246,15.0,15.050000190734863,3581300
2023-04-20,15.25,15.25,15.520000457763672,15.170000076293945,15.420000076293945,3058500
2023-04-21,15.3100004196167,15.3100004196167,15.34000015258789,14.989999771118164,15.260000228881836,3926200
2023-04-24,15.640000343322754,15.640000343322754,15.649999618530273,15.1899995803833,15.260000228881836,2358300
2023-04-25,15.180000305175781,15.180000305175781,15.489999771118164,14.949999809265137,15.449999809265137,2787900
2023-04-26,15.149999618530273,15.149999618530273,15.454999923706055,15.09000015258789,15.300000190734863,4558600
2023-04-27,16.079999923706055,16.079999923706055,16.260000228881836,15.300000190734863,16.030000686645508,8209900
2023-04-28,16.68000030517578,16.68000030517578,16.850000381469727,16.100000381469727,16.149999618530273,4145900
2023-05-01,16.5,16.5,17.049999237060547,16.325000762939453,16.770000457763672,3162000
2023-05-02,16.209999084472656,16.209999084472656,16.405000686645508,15.619999885559082,16.399999618530273,3233400
2023-05-03,16.200000762939453,16.200000762939453,16.4950008392334,16.174999237060547,16.229999542236328,2388500
2023-05-04,15.949999809265137,15.949999809265137,16.25,15.744999885559082,16.110000610351562,2086200
2023-05-05,16.3700008392334,16.3700008392334,16.459999084472656,16.135000228881836,16.260000228881836,1943100
2023-05-08,16.309999465942383,16.309999465942383,16.579999923706055,15.979999542236328,16.469999313354492,1619200
2023-05-09,16.010000228881836,16.010000228881836,16.15999984741211,15.885000228881836,16.1200008392334,1610300
2023-05-10,16.010000228881836,16.010000228881836,16.360000610351562,15.890000343322754,16.239999771118164,2116500
2023-05-11,15.789999961853027,15.789999961853027,16.05500030517578,15.619999885559082,15.880000114440918,1369200
2023-05-12,15.529999732971191,15.529999732971191,15.880000114440918,15.494999885559082,15.84000015258789,1734500
2023-05-15,15.770000457763672,15.770000457763672,15.885000228881836,15.510000228881836,15.579999923706055,2058800
2023-05-16,15.619999885559082,15.619999885559082,15.770000457763672,15.369999885559082,15.649999618530273,1950400
2023-05-17,16.350000381469727,16.350000381469727,16.43000030517578,15.694000244140625,15.75,2617700
2023-05-18,16.360000610351562,16.360000610351562,16.489999771118164,15.904999732971191,16.3799991607666,2479400
2023-05-19,16.020000457763672,16.020000457763672,16.489999771118164,15.9350004196167,16.479999542236328,2047100
2023-05-22,16.43000030517578,16.43000030517578,16.44499969482422,15.960000038146973,16.049999237060547,2391600
2023-05-23,16.209999084472656,16.209999084472656,16.649999618530273,16.200000762939453,16.360000610351562,2625500
2023-05-24,15.819999694824219,15.819999694824219,16.079999923706055,15.484999656677246,16.0,3394900
2023-05-25,15.979999542236328,15.979999542236328,16.030000686645508,15.6899995803833,15.739999771118164,1830200
2023-05-26,15.84000015258789,15.84000015258789,16.104999542236328,15.699999809265137,15.979999542236328,1848700
2023-05-30,15.789999961853027,15.789999961853027,16.1200008392334,15.75,15.920000076293945,2283600
2023-05-31,15.680000305175781,15.680000305175781,15.930000305175781,15.498000144958496,15.649999618530273,3349000
2023-06-01,15.710000038146973,15.710000038146973,15.970000267028809,15.5600004196167,15.680000305175781,2208900
2023-06-02,16.020000457763672,16.020000457763672,16.309999465942383,15.842000007629395,15.880000114440918,2848800
2023-06-05,16.110000610351562,16.110000610351562,16.229999542236328,15.545000076293945,16.030000686645508,3231800
2023-06-06,16.739999771118164,16.739999771118164,16.889999389648438,16.049999237060547,16.049999237060547,2972600
2023-06-07,16.959999084472656,16.959999084472656,17.184999465942383,16.799999237060547,16.81999969482422,2446400
2023-06-08,17.399999618530273,17.399999618530273,17.469999313354492,16.940000534057617,16.969999313354492,2239600
2023-06-09,17.270000457763672,17.270000457763672,17.75,17.21500015258789,17.43000030517578,2121400
2023-06-12,17.829999923706055,17.829999923706055,18.0,17.229999542236328,17.280000686645508,3219200
2023-06-13,17.799999237060547,17.799999237060547,18.260000228881836,17.780000686645508,17.8799991607666,2595100
2023-06-14,17.780000686645508,17.780000686645508,18.030000686645508,17.6299991607666,17.799999237060547,2532400
2023-06-15,18.110000610351562,18.110000610351562,18.149999618530273,17.530000686645508,17.600000381469727,2204200
2023-06-16,17.81999969482422,17.81999969482422,18.239999771118164,17.690000534057617,18.200000762939453,2925100
2023-06-20,17.790000915527344,17.790000915527344,18.024999618530273,17.549999237060547,17.790000915527344,2524600
2023-06-21,17.639999389648438,17.639999389648438,17.84000015258789,17.485000610351562,17.719999313354492,1864600
2023-06-22,17.729999542236328,17.729999542236328,17.829999923706055,17.329999923706055,17.579999923706055,1874400
2023-06-23,17.450000762939453,17.450000762939453,17.65999984741211,17.3700008392334,17.389999389648438,4672100
2023-06-26,17.610000610351562,17.610000610351562,17.878999710083008,17.44499969482422,17.450000762939453,1749000
2023-06-27,18.079999923706055,18.079999923706055,18.1200008392334,17.520000457763672,17.579999923706055,2426300
2023-06-28,18.219999313354492,18.219999313354492,18.264999389648438,17.950000762939453,18.100000381469727,1985700
2023-06-29,18.1299991607666,18.1299991607666,18.40999984741211,17.934999465942383,18.190000534057617,2164500
2023-06-30,18.389999389648438,18.389999389648438,18.514999389648438,18.170000076293945,18.299999237060547,2877400
2023-07-03,18.450000762939453,18.450000762939453,18.81999969482422,18.270000457763672,18.270000457763672,1683000
2023-07-05,18.760000228881836,18.760000228881836,18.829999923706055,18.3799991607666,18.790000915527344,5207700
2023-07-06,18.649999618530273,18.649999618530273,18.895000457763672,18.28499984741211,18.540000915527344,2854100
2023-07-07,18.700000762939453,18.700000762939453,18.920000076293945,18.649999618530273,18.670000076293945,4112100
2023-07-10,18.90999984741211,18.90999984741211,18.920000076293945,18.549999237060547,18.610000610351562,3215500
2023-07-11,19.079999923706055,19.079999923706055,19.15999984741211,18.90999984741211,18.93000030517578,2440000
2023-07-12,18.65999984741211,18.65999984741211,19.360000610351562,18.639999389648438,19.229999542236328,3602000
2023-07-13,18.899999618530273,18.899999618530273,19.118000030517578,18.75,18.75,1988500
2023-07-14,18.440000534057617,18.440000534057617,18.899999618530273,18.33099937438965,18.860000610351562,1561200
2023-07-17,18.139999389648438,18.139999389648438,18.549999237060547,18.1200008392334,18.450000762939453,2233900
2023-07-18,18.510000228881836,18.510000228881836,18.690000534057617,18.010000228881836,18.049999237060547,1926200
2023-07-19,18.920000076293945,18.920000076293945,18.940000534057617,18.510000228881836,18.600000381469727,2560700
2023-07-20,18.229999542236328,18.229999542236328,18.889999389648438,18.18000030517578,18.8799991607666,2037100
2023-07-21,18.260000228881836,18.260000228881836,18.440000534057617,18.040000915527344,18.309999465942383,2306100
2023-07-24,18.25,18.25,18.290000915527344,17.780000686645508,18.030000686645508,1715700
2023-07-25,17.920000076293945,17.920000076293945,18.260000228881836,17.889999389648438,18.200000762939453,2011000
2023-07-26,17.940000534057617,17.940000534057617,18.190000534057617,17.854999542236328,17.920000076293945,4655000
2023-07-27,15.850000381469727,15.850000381469727,17.690000534057617,15.819999694824219,17.65999984741211,10322800
2023-07-28,15.949999809265137,15.949999809265137,16.3700008392334,15.640000343322754,16.010000228881836,6202900
2023-07-31,16.850000381469727,16.850000381469727,16.860000610351562,15.949999809265137,15.960000038146973,6328100
2023-08-01,16.469999313354492,16.469999313354492,16.770000457763672,16.315000534057617,16.65999984741211,3469800
2023-08-02,16.229999542236328,16.229999542236328,16.350000381469727,16.024999618530273,16.280000686645508,3364400
2023-08-03,15.880000114440918,15.880000114440918,16.219999313354492,15.854999542236328,16.139999389648438,2513400
2023-08-04,16.350000381469727,16.350000381469727,16.469999313354492,15.880000114440918,15.9399995803833,2577900
2023-08-07,16.549999237060547,16.549999237060547,16.604999542236328,16.110000610351562,16.3799991607666,3384400
2023-08-08,16.5,16.5,16.530000686645508,16.104999542236328,16.239999771118164,2508500
2023-08-09,16.479999542236328,16.479999542236328,16.639999389648438,16.40999984741211,16.540000915527344,1786300
2023-08-10,16.780000686645508,16.780000686645508,16.795000076293945,16.510000228881836,16.56999969482422,2143800
2023-08-11,17.350000381469727,17.350000381469727,17.360000610351562,16.6200008392334,16.690000534057617,3134000
2023-08-14,17.84000015258789,17.84000015258789,17.950000762939453,17.270000457763672,17.350000381469727,3759600
2023-08-15,17.5,17.5,17.760000228881836,17.459999084472656,17.700000762939453,2361300
2023-08-16,17.190000534057617,17.190000534057617,17.518999099731445,17.170000076293945,17.43000030517578,1671500
2023-08-17,17.280000686645508,17.280000686645508,17.71500015258789,17.219999313354492,17.229999542236328,3014900
2023-08-18,17.25,17.25,17.270000457763672,16.959999084472656,17.030000686645508,2796200
2023-08-21,17.260000228881836,17.260000228881836,17.440000534057617,17.040000915527344,17.299999237060547,2731200
2023-08-22,17.229999542236328,17.229999542236328,17.450000762939453,17.100000381469727,17.299999237060547,1568600
2023-08-23,17.3700008392334,17.3700008392334,17.5,17.059999465942383,17.290000915527344,1287100
2023-08-24,17.190000534057617,17.190000534057617,17.469999313354492,17.170000076293945,17.31999969482422,1372200
2023-08-25,16.8799991607666,16.8799991607666,17.31999969482422,16.690000534057617,17.229999542236328,1391300
2023-08-28,17.020000457763672,17.020000457763672,17.18000030517578,16.81999969482422,17.010000228881836,1652500
2023-08-29,17.18000030517578,17.18000030517578,17.415000915527344,16.850000381469727,17.030000686645508,1460400
2023-08-30,17.010000228881836,17.010000228881836,17.190000534057617,16.864999771118164,17.190000534057617,1765600
2023-08-31,16.950000762939453,16.950000762939453,17.165000915527344,16.885000228881836,17.040000915527344,2333000
2023-09-01,17.170000076293945,17.170000076293945,17.25,16.959999084472656,17.049999237060547,1417400
2023-09-05,17.100000381469727,17.100000381469727,17.290000915527344,16.969999313354492,16.969999313354492,2162000
2023-09-06,16.329999923706055,16.329999923706055,17.209999084472656,16.235000610351562,17.020000457763672,2843600
2023-09-07,15.760000228881836,15.760000228881836,16.290000915527344,15.6899995803833,16.190000534057617,3739300
2023-09-08,16.0,16.0,16.049999237060547,15.680000305175781,15.760000228881836,2233100
2023-09-11,16.25,16.25,16.270000457763672,16.014999389648438,16.110000610351562,2313900
2023-09-12,15.779999732971191,15.779999732971191,16.235000610351562,15.744999885559082,16.18000030517578,2150100
2023-09-13,15.619999885559082,15.619999885559082,15.729999542236328,15.470000267028809,15.680000305175781,2602700
2023-09-14,16.360000610351562,16.360000610351562,16.3700008392334,15.829999923706055,15.899999618530273,3383100
2023-09-15,16.1200008392334,16.1200008392334,16.315000534057617,16.09000015258789,16.239999771118164,7438500
2023-09-18,15.859999656677246,15.859999656677246,16.110000610351562,15.720000267028809,16.110000610351562,2333700
2023-09-19,15.739999771118164,15.739999771118164,16.024999618530273,15.600000381469727,15.869999885559082,1717000
2023-09-20,15.4399995803833,15.4399995803833,15.90999984741211,15.40999984741211,15.84000015258789,1946900
2023-09-21,15.079999923706055,15.079999923706055,15.279999732971191,14.960000038146973,15.25,3246200
2023-09-22,13.479999542236328,13.479999542236328,15.100000381469727,13.4399995803833,15.020000457763672,7265200
2023-09-25,13.109999656677246,13.109999656677246,13.390000343322754,13.029999732971191,13.300000190734863,4988700
2023-09-26,12.59000015258789,12.59000015258789,13.180000305175781,12.529999732971191,12.979999542236328,4174700
2023-09-27,12.010000228881836,12.010000228881836,12.75,11.960000038146973,12.630000114440918,5500200
2023-09-28,12.229999542236328,12.229999542236328,12.3100004196167,11.904999732971191,12.0,4888300
2023-09-29,12.25,12.25,12.470000267028809,12.170000076293945,12.380000114440918,3618100
2023-10-02,11.6899995803833,11.6899995803833,12.289999961853027,11.630000114440918,12.199999809265137,4365700
2023-10-03,10.819999694824219,10.819999694824219,11.640000343322754,10.744999885559082,11.59000015258789,5646100
2023-10-04,10.760000228881836,10.760000228881836,11.050000190734863,10.449999809265137,10.850000381469727,5875800
2023-10-05,10.819999694824219,10.819999694824219,10.875,10.25,10.649999618530273,6430900
2023-10-06,10.890000343322754,10.890000343322754,11.420000076293945,10.654999732971191,10.770000457763672,4468300
2023-10-09,11.09000015258789,11.09000015258789,11.270000457763672,10.670000076293945,10.710000038146973,2416700
2023-10-10,11.550000190734863,11.550000190734863,11.694999694824219,11.270000457763672,11.270000457763672,2850900
2023-10-11,11.380000114440918,11.380000114440918,11.710000038146973,11.180000305175781,11.5600004196167,2370900
2023-10-12,11.260000228881836,11.260000228881836,11.449999809265137,11.024999618530273,11.4399995803833,2668700
2023-10-13,11.020000457763672,11.020000457763672,11.4399995803833,10.90999984741211,11.270000457763672,3119000
2023-10-16,11.3100004196167,11.3100004196167,11.479999542236328,11.109999656677246,11.170000076293945,2804600
2023-10-17,11.380000114440918,11.380000114440918,11.604999542236328,11.170000076293945,11.220000267028809,2203600
2023-10-18,10.8100004196167,10.8100004196167,11.199999809265137,10.789999961853027,11.15999984741211,2980200
2023-10-19,10.579999923706055,10.579999923706055,10.920000076293945,10.529999732971191,10.6899995803833,3037900
2023-10-20,10.920000076293945,10.920000076293945,11.015000343322754,10.59000015258789,10.59000015258789,3506500
2023-10-23,10.649999618530273,10.649999618530273,10.890000343322754,10.4399995803833,10.819999694824219,7480600
2023-10-24,10.329999923706055,10.329999923706055,10.84000015258789,10.270000457763672,10.75,4571600
2023-10-25,10.119999885559082,10.119999885559082,10.390000343322754,10.050000190734863,10.329999923706055,5409200
2023-10-26,9.039999961853027,9.039999961853027,9.760000228881836,8.625,9.649999618530273,13666200
2023-10-27,8.619999885559082,8.619999885559082,9.180000305175781,8.5600004196167,9.09000015258789,7728500
2023-10-30,8.609999656677246,8.609999656677246,8.899999618530273,8.529999732971191,8.699999809265137,5368300
2023-10-31,8.430000305175781,8.430000305175781,8.694999694824219,8.329999923706055,8.640000343322754,6674000
2023-11-01,8.329999923706055,8.329999923706055,8.609999656677246,8.289999961853027,8.399999618530273,5551300
2023-11-02,9.149999618530273,9.149999618530273,9.175000190734863,8.529999732971191,8.579999923706055,5098800
2023-11-03,9.329999923706055,9.329999923706055,9.524999618530273,9.199999809265137,9.399999618530273,3756900
2023-11-06,9.020000457763672,9.020000457763672,9.470000267028809,8.925000190734863,9.404999732971191,3704100
2023-11-07,8.859999656677246,8.859999656677246,9.260000228881836,8.720000267028809,8.880000114440918,3861500
2023-11-08,8.75,8.75,8.920000076293945,8.729999542236328,8.859999656677246,2257000
2023-11-09,8.640000343322754,8.640000343322754,8.890000343322754,8.510000228881836,8.8100004196167,3266500
2023-11-10,8.579999923706055,8.579999923706055,8.65999984741211,8.369999885559082,8.619999885559082,2442500
2023-11-13,8.140000343322754,8.140000343322754,8.510000228881836,8.119999885559082,8.5,3124800
2023-11-14,8.510000228881836,8.510000228881836,8.739999771118164,8.470000267028809,8.479999542236328,4900700
2023-11-15,8.789999961853027,8.789999961853027,9.329999923706055,8.510000228881836,8.529999732971191,7466900
2023-11-16,8.199999809265137,8.199999809265137,8.770000457763672,8.140000343322754,8.75,4763200
2023-11-17,8.75,8.75,8.779999732971191,8.319999694824219,8.329999923706055,6252300
2023-11-20,8.949999809265137,8.949999809265137,9.074999809265137,8.585000038146973,8.770000457763672,4146500
2023-11-21,8.470000267028809,8.470000267028809,8.850000381469727,8.399999618530273,8.850000381469727,2940000
2023-11-22,8.420000076293945,8.420000076293945,8.600000381469727,8.359999656677246,8.5,2728100
2023-11-24,8.59000015258789,8.59000015258789,8.670000076293945,8.35099983215332,8.420000076293945,1372000
2023-11-27,8.210000038146973,8.210000038146973,8.489999771118164,8.170000076293945,8.489999771118164,4112300
2023-11-28,8.270000457763672,8.270000457763672,8.329999923706055,8.10099983215332,8.199999809265137,2641300
2023-11-29,8.329999923706055,8.329999923706055,8.706000328063965,8.319999694824219,8.34000015258789,3508000
2023-11-30,8.34000015258789,8.34000015258789,8.42199993133545,8.140000343322754,8.369999885559082,3704900
2023-12-01,9.1899995803833,9.1899995803833,9.210000038146973,8.164999961853027,8.3100004196167,5725000
2023-12-04,9.100000381469727,9.100000381469727,9.40999984741211,8.994999885559082,9.149999618530273,4699900
2023-12-05,8.770000457763672,8.770000457763672,9.029999732971191,8.75,9.010000228881836,3003000
2023-12-06,8.960000038146973,8.960000038146973,9.270000457763672,8.904999732971191,8.930000305175781,4455900
2023-12-07,9.25,9.25,9.369999885559082,8.904999732971191,8.930000305175781,5990300
2023-12-08,9.380000114440918,9.380000114440918,9.550000190734863,9.119999885559082,9.220000267028809,6249400
2023-12-11,9.329999923706055,9.329999923706055,9.640000343322754,9.1899995803833,9.470000267028809,6859500
2023-12-12,8.869999885559082,8.869999885559082,9.279999732971191,8.859999656677246,9.279999732971191,4400200
2023-12-13,9.5,9.5,9.574999809265137,8.510000228881836,8.670000076293945,6431400
2023-12-14,10.119999885559082,10.119999885559082,10.3100004196167,9.770000457763672,9.770000457763672,8138500
2023-12-15,10.029999732971191,10.029999732971191,10.34000015258789,9.994999885559082,10.229999542236328,7838400
2023-12-18,9.979999542236328,9.979999542236328,10.270000457763672,9.914999961853027,10.15999984741211,5153300
2023-12-19,10.210000038146973,10.210000038146973,10.220000267028809,9.970000267028809,10.0600004196167,5371500
2023-12-20,9.970000267028809,9.970000267028809,10.494999885559082,9.960000038146973,10.170000076293945,3923700
2023-12-21,10.40999984741211,10.40999984741211,10.430000305175781,10.045000076293945,10.109999656677246,2782000
2023-12-22,10.4399995803833,10.4399995803833,10.699999809265137,10.319999694824219,10.489999771118164,3446000
2023-12-26,10.649999618530273,10.649999618530273,10.819999694824219,10.484999656677246,10.529999732971191,3242000
2023-12-27,10.59000015258789,10.59000015258789,10.720000267028809,10.460000038146973,10.720000267028809,2626200
2023-12-28,10.539999961853027,10.539999961853027,10.720000267028809,10.5,10.520000457763672,3205100
2023-12-29,10.390000343322754,10.390000343322754,10.630000114440918,10.3100004196167,10.520000457763672,3167500
2024-01-02,10.199999809265137,10.199999809265137,10.619999885559082,10.079999923706055,10.390000343322754,4216300
2024-01-03,9.640000343322754,9.640000343322754,10.069999694824219,9.569999694824219,10.039999961853027,4678500
2024-01-04,9.75,9.75,10.0,9.520000457763672,9.649999618530273,4447500
2024-01-05,9.539999961853027,9.539999961853027,9.835000038146973,9.449999809265137,9.680000305175781,4093900
2024-01-08,9.569999694824219,9.569999694824219,9.699999809265137,9.234999656677246,9.449999809265137,5125400
2024-01-09,9.569999694824219,9.569999694824219,9.640000343322754,9.34000015258789,9.399999618530273,3029000
2024-01-10,9.350000381469727,9.350000381469727,9.510000228881836,9.270000457763672,9.510000228881836,3616600
2024-01-11,8.949999809265137,8.949999809265137,9.180000305175781,8.744999885559082,9.140000343322754,7624600
2024-01-12,8.34000015258789,8.34000015258789,9.100000381469727,8.300000190734863,9.010000228881836,7804800
2024-01-16,8.350000381469727,8.350000381469727,8.380000114440918,8.170000076293945,8.300000190734863,4622200
2024-01-17,8.359999656677246,8.359999656677246,8.359999656677246,8.135000228881836,8.170000076293945,4025400
2024-01-18,8.989999771118164,8.989999771118164,9.265000343322754,8.699999809265137,8.989999771118164,14191200
2024-01-19,8.619999885559082,8.619999885559082,8.760000228881836,8.255000114440918,8.640000343322754,8904900
2024-01-22,8.5,8.5,8.829999923706055,8.359999656677246,8.6899995803833,4718600
2024-01-23,8.729999542236328,8.729999542236328,8.90999984741211,8.524999618530273,8.720000267028809,5200300
2024-01-24,8.489999771118164,8.489999771118164,8.850000381469727,8.404999732971191,8.850000381469727,4395100
2024-01-25,8.779999732971191,8.779999732971191,8.819999694824219,8.369999885559082,8.399999618530273,5785100
2024-01-26,8.649999618530273,8.649999618530273,8.9399995803833,8.539999961853027,8.84000015258789,4151800
2024-01-29,8.699999809265137,8.699999809265137,8.71500015258789,8.34000015258789,8.550000190734863,4901100
2024-01-30,8.630000114440918,8.630000114440918,8.729999542236328,8.510000228881836,8.569999694824219,3216100
2024-01-31,8.350000381469727,8.350000381469727,8.779999732971191,8.34000015258789,8.569999694824219,5090400
2024-02-01,8.430000305175781,8.430000305175781,8.649999618530273,8.194999694824219,8.420000076293945,3931800
2024-02-02,8.699999809265137,8.699999809265137,8.744999885559082,8.164999961853027,8.300000190734863,5673700
2024-02-05,8.210000038146973,8.210000038146973,8.600000381469727,8.199999809265137,8.5,9382800
2024-02-06,8.9399995803833,8.9399995803833,9.015000343322754,7.730000019073486,7.920000076293945,13780200
2024-02-07,8.760000228881836,8.760000228881836,9.069999694824219,8.404999732971191,8.920000076293945,6989400
2024-02-08,8.65999984741211,8.65999984741211,8.6899995803833,8.220000267028809,8.529999732971191,6370000
2024-02-09,8.4399995803833,8.4399995803833,8.734999656677246,8.345000267028809,8.720000267028809,4258500
2024-02-12,8.680000305175781,8.680000305175781,8.760000228881836,8.380000114440918,8.40999984741211,4241800
2024-02-13,7.579999923706055,7.579999923706055,8.380000114440918,7.460000038146973,8.350000381469727,14834200
2024-02-14,7.730000019073486,7.730000019073486,7.840000152587891,7.579999923706055,7.679999828338623,7703300
2024-02-15,7.860000133514404,7.860000133514404,7.949999809265137,7.585000038146973,7.78000020980835,4771100
2024-02-16,7.730000019073486,7.730000019073486,7.829999923706055,7.610000133514404,7.710000038146973,4258000
2024-02-20,7.289999961853027,7.289999961853027,7.619999885559082,7.28000020980835,7.610000133514404,5191200
2024-02-21,7.269999980926514,7.269999980926514,7.480000019073486,7.179999828338623,7.25,4097800
2024-02-22,7.260000228881836,7.260000228881836,7.329999923706055,7.150000095367432,7.300000190734863,3629500
2024-02-23,7.429999828338623,7.429999828338623,7.519999980926514,7.074999809265137,7.239999771118164,4765200
2024-02-26,7.449999809265137,7.449999809265137,7.559999942779541,7.159999847412109,7.369999885559082,3404500
2024-02-27,7.809999942779541,7.809999942779541,7.829999923706055,7.510000228881836,7.53000020980835,3675500
2024-02-28,7.880000114440918,7.880000114440918,8.0,7.703000068664551,7.760000228881836,3095500
2024-02-29,7.849999904632568,7.849999904632568,8.104999542236328,7.775000095367432,8.020000457763672,3952700
2024-03-01,7.820000171661377,7.820000171661377,7.994999885559082,7.730000019073486,7.849999904632568,3607900
2024-03-04,7.230000019073486,7.230000019073486,7.860000133514404,7.065000057220459,7.78000020980835,8020800
2024-03-05,7.139999866485596,7.139999866485596,7.239999771118164,7.059999942779541,7.130000114440918,3663000
2024-03-06,7.269999980926514,7.269999980926514,7.400000095367432,7.150000095367432,7.25,3373300
2024-03-07,7.5,7.5,7.514999866485596,7.239999771118164,7.320000171661377,4712400
2024-03-08,7.860000133514404,7.860000133514404,7.869999885559082,7.59499979019165,7.599999904632568,5163100
2024-03-11,7.829999923706055,7.829999923706055,8.010000228881836,7.730000019073486,7.820000171661377,4625700
2024-03-12,7.829999923706055,7.829999923706055,7.934999942779541,7.699999809265137,7.840000152587891,2783900
2024-03-13,7.789999961853027,7.789999961853027,8.085000038146973,7.739999771118164,7.78000020980835,2996200
2024-03-14,7.489999771118164,7.489999771118164,7.795000076293945,7.400000095367432,7.760000228881836,3404700
2024-03-15,7.579999923706055,7.579999923706055,7.619999885559082,7.355000019073486,7.440000057220459,4707500
2024-03-18,7.110000133514404,7.110000133514404,7.546000003814697,6.880000114440918,7.489999771118164,8604300
2024-03-19,7.199999809265137,7.199999809265137,7.284999847412109,6.96999979019165,7.0,4605100
2024-03-20,7.480000019073486,7.480000019073486,7.539999961853027,7.099999904632568,7.150000095367432,3803900
2024-03-21,7.489999771118164,7.489999771118164,7.599999904632568,7.389999866485596,7.550000190734863,2822200
2024-03-22,7.300000190734863,7.300000190734863,7.550000190734863,7.28000020980835,7.46999979019165,2412800
2024-03-25,7.699999809265137,7.699999809265137,7.710000038146973,7.360000133514404,7.400000095367432,4544200
2024-03-26,7.869999885559082,7.869999885559082,8.125,7.639999866485596,7.760000228881836,5132900
2024-03-27,8.09000015258789,8.09000015258789,8.100000381469727,7.855000019073486,7.909999847412109,4046100
2024-03-28,7.829999923706055,7.829999923706055,8.204999923706055,7.809999942779541,8.09000015258789,4126000
2024-04-01,7.690000057220459,7.690000057220459,7.889999866485596,7.59499979019165,7.849999904632568,6065300
2024-04-02,7.480000019073486,7.480000019073486,7.704999923706055,7.414999961853027,7.599999904632568,3484800
2024-04-03,7.630000114440918,7.630000114440918,7.670000076293945,7.380000114440918,7.480000019073486,4188200
2024-04-04,7.25,7.25,7.360000133514404,7.050000190734863,7.269999980926514,8154300
2024-04-05,7.260000228881836,7.260000228881836,7.360000133514404,7.159999847412109,7.230000019073486,4799300
2024-04-08,7.389999866485596,7.389999866485596,7.46999979019165,7.25,7.360000133514404,3481800
2024-04-09,7.800000190734863,7.800000190734863,7.800000190734863,7.400000095367432,7.409999847412109,7172700
2024-04-10,7.300000190734863,7.300000190734863,7.46999979019165,7.21999979019165,7.449999809265137,5983300
2024-04-11,7.199999809265137,7.199999809265137,7.329999923706055,7.050000190734863,7.320000171661377,4544700
2024-04-12,6.849999904632568,6.849999904632568,7.139999866485596,6.840000152587891,7.099999904632568,5644000
2024-04-15,6.900000095367432,6.900000095367432,7.059999942779541,6.78000020980835,6.880000114440918,4591000
2024-04-16,6.570000171661377,6.570000171661377,6.809999942779541,6.53000020980835,6.78000020980835,4258400
2024-04-17,6.389999866485596,6.389999866485596,6.650000095367432,6.329999923706055,6.650000095367432,5224700
2024-04-18,5.989999771118164,5.989999771118164,6.349999904632568,5.849999904632568,6.349999904632568,8958500
2024-04-19,5.96999979019165,5.96999979019165,6.0,5.829999923706055,5.96999979019165,6571500
2024-04-22,5.900000095367432,5.900000095367432,6.039999961853027,5.820000171661377,6.0,4299900
2024-04-23,5.460000038146973,5.460000038146973,5.710000038146973,5.449999809265137,5.650000095367432,10524000
2024-04-24,5.800000190734863,5.800000190734863,5.960000038146973,5.46999979019165,5.489999771118164,10815400
2024-04-25,4.679999828338623,4.679999828338623,5.300000190734863,4.349999904632568,5.170000076293945,26629300
2024-04-26,4.420000076293945,4.420000076293945,4.849999904632568,4.400000095367432,4.429999828338623,15010200
2024-04-29,4.769999980926514,4.769999980926514,4.8480000495910645,4.375,4.420000076293945,13512300
2024-04-30,4.550000190734863,4.550000190734863,4.675000190734863,4.409999847412109,4.670000076293945,10691600
2024-05-01,4.46999979019165,4.46999979019165,4.625,4.401000022888184,4.519999980926514,9459800
2024-05-02,5.0,5.0,5.135000228881836,4.815000057220459,4.869999885559082,15234000
2024-05-03,4.840000152587891,4.840000152587891,5.139999866485596,4.809999942779541,5.079999923706055,8560900
2024-05-06,5.150000095367432,5.150000095367432,5.22599983215332,4.869999885559082,4.929999828338623,9751600
2024-05-07,4.96999979019165,4.96999979019165,5.309999942779541,4.940000057220459,5.150000095367432,6670600
2024-05-08,4.840000152587891,4.840000152587891,4.974999904632568,4.800000190734863,4.860000133514404,4920600
2024-05-09,4.909999847412109,4.909999847412109,4.989999771118164,4.800000190734863,4.829999923706055,4831900
2024-05-10,4.889999866485596,4.889999866485596,4.945000171661377,4.800000190734863,4.940000057220459,5219700
2024-05-13,5.46999979019165,5.46999979019165,5.635000228881836,4.909999847412109,4.940000057220459,13749500
2024-05-14,6.0,6.0,6.605000019073486,5.835000038146973,5.900000095367432,20024500
2024-05-15,5.480000019073486,5.480000019073486,6.11899995803833,5.340000152587891,6.059999942779541,10603800
2024-05-16,5.519999980926514,5.519999980926514,5.75,5.389999866485596,5.480000019073486,6105400
2024-05-17,5.53000020980835,5.53000020980835,5.664999961853027,5.429999828338623,5.460000038146973,5230600
2024-05-20,5.260000228881836,5.260000228881836,5.559999942779541,5.170000076293945,5.5,6402300
2024-05-21,5.070000171661377,5.070000171661377,5.21999979019165,5.059999942779541,5.199999809265137,5365400
2024-05-22,4.96999979019165,4.96999979019165,5.159999847412109,4.934999942779541,5.010000228881836,5612400
2024-05-23,4.78000020980835,4.78000020980835,4.96999979019165,4.702000141143799,4.96999979019165,4582000
2024-05-24,4.78000020980835,4.78000020980835,4.880000114440918,4.679999828338623,4.769999980926514,5233700
2024-05-28,4.659999847412109,4.659999847412109,4.880000114440918,4.574999809265137,4.849999904632568,5614200
2024-05-29,4.480000019073486,4.480000019073486,4.639999866485596,4.460000038146973,4.579999923706055,4208000
2024-05-30,4.610000133514404,4.610000133514404,4.639999866485596,4.420000076293945,4.489999771118164,5873400
2024-05-31,4.360000133514404,4.360000133514404,4.760000228881836,4.215000152587891,4.679999828338623,11889500
2024-06-03,4.130000114440918,4.130000114440918,4.375,3.950000047683716,4.300000190734863,13860100
2024-06-04,3.940000057220459,3.940000057220459,4.139999866485596,3.9200000762939453,4.099999904632568,6885700
2024-06-05,3.9700000286102295,3.9700000286102295,4.010000228881836,3.880000114440918,3.990000009536743,6176000
2024-06-06,3.7899999618530273,3.7899999618530273,4.005000114440918,3.4700000286102295,3.990000009536743,15244200
2024-06-07,3.7300000190734863,3.7300000190734863,3.9000000953674316,3.609999895095825,3.700000047683716,6377100
2024-06-10,3.6549999713897705,3.6549999713897705,3.7699999809265137,3.5899999141693115,3.7699999809265137,6377700
2024-06-11,3.450000047683716,3.450000047683716,3.609999895095825,3.4200000762939453,3.5999999046325684,8259000
2024-06-12,3.559999942779541,3.559999942779541,3.765000104904175,3.5,3.5399999618530273,7712400
2024-06-13,3.4000000953674316,3.4000000953674316,3.559999942779541,3.359999895095825,3.5399999618530273,6042600
2024-06-14,3.259999990463257,3.259999990463257,3.384999990463257,3.2100000381469727,3.369999885559082,6209300
2024-06-17,3.2799999713897705,3.2799999713897705,3.309999942779541,3.125,3.2699999809265137,7946000
2024-06-18,3.0899999141693115,3.0899999141693115,3.4049999713897705,3.0799999237060547,3.2699999809265137,8023500
2024-06-20,3.509999990463257,3.509999990463257,3.7699999809265137,2.9049999713897705,3.1500000953674316,25743000
2024-06-21,4.070000171661377,4.070000171661377,4.130000114440918,3.569999933242798,3.609999895095825,48153200
2024-06-24,3.890000104904175,3.890000104904175,4.309999942779541,3.765000104904175,4.119999885559082,13609700
2024-06-25,3.680000066757202,3.680000066757202,3.8399999141693115,3.619999885559082,3.8399999141693115,6011700
2024-06-26,3.4800000190734863,3.4800000190734863,3.640000104904175,3.4600000381469727,3.640000104904175,6135000
2024-06-27,3.509999990463257,3.509999990463257,3.5199999809265137,3.359999895095825,3.4700000286102295,6194300
2024-06-28,3.5299999713897705,3.5299999713897705,3.5999999046325684,3.430000066757202,3.5299999713897705,21727600
2024-07-01,3.609999895095825,3.609999895095825,3.75,3.549999952316284,3.549999952316284,6307200
2024-07-02,3.619999885559082,3.619999885559082,3.700000047683716,3.450000047683716,3.5999999046325684,4764200
2024-07-03,3.5,3.5,3.700000047683716,3.4800000190734863,3.619999885559082,6145900
2024-07-05,3.640000104904175,3.640000104904175,3.819999933242798,3.619999885559082,3.700000047683716,6495000
2024-07-08,3.5999999046325684,3.5999999046325684,3.765000104904175,3.5399999618530273,3.619999885559082,5750400
2024-07-09,3.3299999237060547,3.3299999237060547,3.5999999046325684,3.312000036239624,3.5999999046325684,5268200
2024-07-10,3.4200000762939453,3.4200000762939453,3.440000057220459,3.200000047683716,3.299999952316284,5080400
2024-07-11,3.859999895095825,3.859999895095825,3.9200000762939453,3.4600000381469727,3.497999906539917,6828000
2024-07-12,4.039999961853027,4.039999961853027,4.190000057220459,3.890000104904175,3.9000000953674316,9486800
2024-07-15,4.269999980926514,4.269999980926514,4.320000171661377,4.03000020980835,4.110000133514404,6532400
2024-07-16,4.489999771118164,4.489999771118164,4.5,4.184999942779541,4.369999885559082,6159300
2024-07-17,4.550000190734863,4.550000190734863,4.630000114440918,4.349999904632568,4.440000057220459,7016800
2024-07-18,4.150000095367432,4.150000095367432,4.590000152587891,4.139999866485596,4.510000228881836,6657400
2024-07-19,3.809999942779541,3.809999942779541,4.150000095367432,3.755000114440918,4.079999923706055,6188700
2024-07-22,3.950000047683716,3.950000047683716,3.9800000190734863,3.6500000953674316,3.809999942779541,4740600
2024-07-23,3.809999942779541,3.809999942779541,4.0,3.799999952316284,3.869999885559082,4552800
2024-07-24,3.6700000762939453,3.6700000762939453,3.994999885559082,3.609999895095825,3.7899999618530273,4849900
2024-07-25,3.869999885559082,3.869999885559082,4.0,3.619999885559082,3.619999885559082,3848400
2024-07-26,4.070000171661377,4.070000171661377,4.119999885559082,3.940000057220459,4.019999980926514,5108400
2024-07-29,3.799999952316284,3.799999952316284,4.099999904632568,3.75,4.070000171661377,5257500
2024-07-30,3.809999942779541,3.809999942779541,3.9100000858306885,3.740000009536743,3.819999933242798,5023900
2024-07-31,4.079999923706055,4.079999923706055,4.349999904632568,3.8399999141693115,3.8499999046325684,10244200
2024-08-01,3.7699999809265137,3.7699999809265137,4.380000114440918,3.690000057220459,4.0,7175600
2024-08-02,3.700000047683716,3.700000047683716,3.819999933242798,3.4200000762939453,3.6700000762939453,6393400
2024-08-05,3.759999990463257,3.759999990463257,3.9000000953674316,3.369999885559082,3.380000114440918,7014800
2024-08-06,3.630000114440918,3.630000114440918,3.9049999713897705,3.5899999141693115,3.75,5168200
2024-08-07,3.619999885559082,3.619999885559082,3.8550000190734863,3.575000047683716,3.7200000286102295,4145000
2024-08-08,3.690000057220459,3.690000057220459,3.7750000953674316,3.619999885559082,3.6700000762939453,2677200
2024-08-09,3.509999990463257,3.509999990463257,3.7049999237060547,3.484999895095825,3.700000047683716,3655400
2024-08-12,3.380000114440918,3.380000114440918,3.5199999809265137,3.309999942779541,3.5,3754900
2024-08-13,3.5299999713897705,3.5299999713897705,3.609999895095825,3.3499999046325684,3.4000000953674316,4501000
2024-08-14,3.2799999713897705,3.2799999713897705,3.549999952316284,3.2699999809265137,3.5299999713897705,4818000
2024-08-15,3.4800000190734863,3.4800000190734863,3.509999990463257,3.2899999618530273,3.3499999046325684,6180500
2024-08-16,3.440000057220459,3.440000057220459,3.5,3.3499999046325684,3.430000066757202,3107300
2024-08-19,3.4800000190734863,3.4800000190734863,3.5299999713897705,3.4200000762939453,3.440000057220459,3627700
2024-08-20,3.4600000381469727,3.4600000381469727,3.5199999809265137,3.380000114440918,3.450000047683716,2818100
2024-08-21,3.430000066757202,3.430000066757202,3.509999990463257,3.4000000953674316,3.4800000190734863,3525100
2024-08-22,3.119999885559082,3.119999885559082,3.4100000858306885,3.0950000286102295,3.4000000953674316,11222000
2024-08-23,3.2899999618530273,3.2899999618530273,3.369999885559082,3.130000114440918,3.1500000953674316,6292600
2024-08-26,3.430000066757202,3.430000066757202,3.4700000286102295,3.240000009536743,3.309999942779541,4670000
2024-08-27,3.4800000190734863,3.4800000190734863,3.7300000190734863,3.3949999809265137,3.490000009536743,6537000
2024-08-28,3.2899999618530273,3.2899999618530273,3.4600000381469727,3.2799999713897705,3.440000057220459,3711600
2024-08-29,3.200000047683716,3.200000047683716,3.380000114440918,3.194999933242798,3.3299999237060547,4190500
2024-08-30,3.0399999618530273,3.0399999618530273,3.259999990463257,3.0299999713897705,3.2300000190734863,7292500
2024-09-03,2.990000009536743,2.990000009536743,3.065000057220459,2.930000066757202,3.0199999809265137,7459400
2024-09-04,2.9200000762939453,2.9200000762939453,3.0899999141693115,2.9000000953674316,2.990000009536743,4758800
2024-09-05,2.819999933242798,2.819999933242798,2.984999895095825,2.799999952316284,2.930000066757202,6432100
2024-09-06,2.7100000381469727,2.7100000381469727,2.880000114440918,2.7100000381469727,2.799999952316284,5476000
2024-09-09,2.819999933242798,2.819999933242798,2.869999885559082,2.694999933242798,2.7100000381469727,5115100
2024-09-10,2.619999885559082,2.619999885559082,2.859999895095825,2.5799999237060547,2.859999895095825,8484700
2024-09-11,2.680000066757202,2.680000066757202,2.690000057220459,2.4700000286102295,2.609999895095825,6517200
2024-09-12,2.7300000190734863,2.7300000190734863,2.8299999237060547,2.5850000381469727,2.6500000953674316,6492400
2024-09-13,3.0,3.0,3.0,2.7699999809265137,2.799999952316284,6152400
2024-09-16,3.369999885559082,3.369999885559082,3.380000114440918,3.009999990463257,3.0399999618530273,8447800
2024-09-17,3.6600000858306885,3.6600000858306885,3.6700000762939453,3.299999952316284,3.4000000953674316,9488100
2024-09-18,3.700000047683716,3.700000047683716,3.930000066757202,3.569999933242798,3.640000104904175,7166100
2024-09-19,3.430000066757202,3.430000066757202,3.9000000953674316,3.390000104904175,3.740000009536743,8349000
2024-09-20,3.309999942779541,3.309999942779541,3.440000057220459,3.25,3.3499999046325684,7944100
2024-09-23,3.359999895095825,3.359999895095825,3.4700000286102295,3.2200000286102295,3.299999952316284,3848100
2024-09-24,3.5399999618530273,3.5399999618530273,3.630000114440918,3.4200000762939453,3.440000057220459,4902900
2024-09-25,3.259999990463257,3.259999990463257,3.5199999809265137,3.259999990463257,3.5,4775800
2024-09-26,3.190000057220459,3.190000057220459,3.4100000858306885,3.1600000858306885,3.3499999046325684,4578800
2024-09-27,3.240000009536743,3.240000009536743,3.4200000762939453,3.2200000286102295,3.2799999713897705,3676500
2024-09-30,3.299999952316284,3.299999952316284,3.3949999809265137,3.180000066757202,3.200000047683716,3899000
2024-10-01,3.309999942779541,3.309999942779541,3.375,3.240000009536743,3.319999933242798,3573900
2024-10-02,3.240000009536743,3.240000009536743,3.3499999046325684,3.200000047683716,3.259999990463257,2704900
2024-10-03,3.190000057220459,3.190000057220459,3.25,3.1600000858306885,3.2100000381469727,3265600
2024-10-04,3.319999933242798,3.319999933242798,3.390000104904175,3.259999990463257,3.299999952316284,2634400
2024-10-07,3.430000066757202,3.430000066757202,3.4600000381469727,3.3350000381469727,3.3499999046325684,2910500
2024-10-08,3.309999942779541,3.309999942779541,3.4200000762939453,3.2750000953674316,3.3499999046325684,2402200
2024-10-09,3.259999990463257,3.259999990463257,3.3949999809265137,3.2300000190734863,3.309999942779541,3013300
2024-10-10,3.1500000953674316,3.1500000953674316,3.25,3.069999933242798,3.2100000381469727,4755300
2024-10-11,3.069999933242798,3.069999933242798,3.1449999809265137,3.0299999713897705,3.119999885559082,5086100
2024-10-14,3.0299999713897705,3.0299999713897705,3.069999933242798,2.930000066757202,3.069999933242798,5793500
2024-10-15,2.9200000762939453,2.9200000762939453,3.0799999237060547,2.9100000858306885,3.0,4413000
2024-10-16,3.1600000858306885,3.1600000858306885,3.180000066757202,2.930000066757202,2.950000047683716,5776600
2024-10-17,3.240000009536743,3.240000009536743,3.240000009536743,3.0799999237060547,3.0999999046325684,3043900
2024-10-18,3.25,3.25,3.319999933242798,3.1600000858306885,3.259999990463257,2744200
2024-10-21,2.9700000286102295,2.9700000286102295,3.1600000858306885,2.930000066757202,3.119999885559082,5395300
2024-10-22,2.950000047683716,2.950000047683716,3.0299999713897705,2.9000000953674316,2.9800000190734863,4477300
2024-10-23,2.9600000381469727,2.9600000381469727,3.0199999809265137,2.869999885559082,3.0199999809265137,5970800
2024-10-24,3.130000114440918,3.130000114440918,3.130000114440918,2.930000066757202,2.930000066757202,4985700
2024-10-25,3.0799999237060547,3.0799999237060547,3.2100000381469727,3.059999942779541,3.109999895095825,3915900
2024-10-28,3.059999942779541,3.059999942779541,3.180000066757202,3.0,3.0999999046325684,3843000
2024-10-29,2.9000000953674316,2.9000000953674316,3.119999885559082,2.8399999141693115,3.0,4603200
2024-10-30,3.049999952316284,3.049999952316284,3.0999999046325684,2.859999895095825,2.880000114440918,4981500
2024-10-31,2.7799999713897705,2.7799999713897705,3.049999952316284,2.7699999809265137,3.0399999618530273,6637900
2024-11-01,2.7899999618530273,2.7899999618530273,2.9800000190734863,2.7899999618530273,2.7899999618530273,5272900
2024-11-04,2.9100000858306885,2.9100000858306885,2.9600000381469727,2.7699999809265137,2.859999895095825,3438000
2024-11-05,2.9600000381469727,2.9600000381469727,3.009999990463257,2.865000009536743,2.9100000858306885,3886900
2024-11-06,3.0899999141693115,3.0899999141693115,3.1500000953674316,2.990000009536743,3.0299999713897705,5432300
2024-11-07,3.109999895095825,3.109999895095825,3.200000047683716,3.075000047683716,3.0999999046325684,2725900
2024-11-08,3.1500000953674316,3.1500000953674316,3.184999942779541,3.009999990463257,3.0999999046325684,4467200
2024-11-11,3.369999885559082,3.369999885559082,3.4100000858306885,3.1500000953674316,3.200000047683716,7785200
2024-11-12,3.6600000858306885,3.6600000858306885,3.734999895095825,2.9700000286102295,3.0,16576200
2024-11-13,3.7899999618530273,3.7899999618530273,4.099999904632568,3.5999999046325684,3.700000047683716,17131400
2024-11-14,4.110000133514404,4.110000133514404,4.130000114440918,3.7890000343322754,3.819999933242798,11389900
2024-11-15,4.050000190734863,4.050000190734863,4.190000057220459,3.9700000286102295,4.119999885559082,7191500
2024-11-18,4.159999847412109,4.159999847412109,4.329999923706055,3.9700000286102295,4.070000171661377,6048400
2024-11-19,4.0,4.0,4.099999904632568,3.8299999237060547,4.050000190734863,6755400
2024-11-20,3.6600000858306885,3.6600000858306885,4.0,3.5299999713897705,3.940000057220459,8725700
2024-11-21,3.884999990463257,3.884999990463257,3.940000057220459,3.630000114440918,3.759999990463257,6689900
2024-11-22,4.070000171661377,4.070000171661377,4.090000152587891,3.799999952316284,3.9600000381469727,6588700
2024-11-25,4.579999923706055,4.579999923706055,4.849999904632568,4.199999809265137,4.210000038146973,15576000
2024-11-26,4.519999980926514,4.519999980926514,4.829999923706055,4.46999979019165,4.590000152587891,5967500
2024-11-27,4.619999885559082,4.619999885559082,4.744999885559082,4.539999961853027,4.579999923706055,4283600
2024-11-29,4.920000076293945,4.920000076293945,5.315000057220459,4.679999828338623,4.710000038146973,7127900
2024-12-02,4.71999979019165,4.71999979019165,5.079999923706055,4.550000190734863,4.960000038146973,8308100
2024-12-03,4.510000228881836,4.510000228881836,4.699999809265137,4.360000133514404,4.619999885559082,7429000
2024-12-04,4.440000057220459,4.440000057220459,4.590000152587891,4.289999961853027,4.510000228881836,4553400
2024-12-05,4.599999904632568,4.599999904632568,4.769999980926514,4.425000190734863,4.489999771118164,5013700
2024-12-06,4.710000038146973,4.710000038146973,4.840000152587891,4.610000133514404,4.690000057220459,4137800
2024-12-09,4.659999847412109,4.659999847412109,5.079999923706055,4.650000095367432,4.829999923706055,5526900
2024-12-10,4.519999980926514,4.519999980926514,4.630000114440918,4.340000152587891,4.599999904632568,4038700
2024-12-11,4.440000057220459,4.440000057220459,4.59499979019165,4.34499979019165,4.550000190734863,3042600
2024-12-12,4.28000020980835,4.28000020980835,4.460000038146973,4.190000057220459,4.400000095367432,4729900
2024-12-13,4.21999979019165,4.21999979019165,4.28000020980835,4.15500020980835,4.239999771118164,2721400
2024-12-16,3.859999895095825,3.859999895095825,4.199999809265137,3.75,4.150000095367432,6330900
2024-12-17,3.6549999713897705,3.6549999713897705,3.7920000553131104,3.5799999237060547,3.7699999809265137,5177500
2024-12-18,3.3350000381469727,3.3350000381469727,3.7300000190734863,3.2850000858306885,3.700000047683716,6126500
2024-12-19,3.2699999809265137,3.2699999809265137,3.384999990463257,3.1500000953674316,3.309999942779541,6562000
2024-12-20,3.4200000762939453,3.4200000762939453,3.5250000953674316,3.1500000953674316,3.2200000286102295,9382900
2024-12-23,3.4200000762939453,3.4200000762939453,3.440000057220459,3.315000057220459,3.4000000953674316,4769100
2024-12-24,3.5,3.5,3.509999990463257,3.309999942779541,3.4000000953674316,2458300
2024-12-26,3.7300000190734863,3.7300000190734863,3.75,3.359999895095825,3.4100000858306885,4867400
2024-12-27,3.619999885559082,3.619999885559082,3.7950000762939453,3.5799999237060547,3.680000066757202,4244800
2024-12-30,3.5399999618530273,3.5399999618530273,3.5999999046325684,3.390000104904175,3.559999942779541,4849700
2024-12-31,3.6600000858306885,3.6600000858306885,3.930000066757202,3.6050000190734863,3.619999885559082,6046400
2025-01-02,3.7300000190734863,3.7300000190734863,3.8299999237060547,3.6549999713897705,3.7100000381469727,3003000
2025-01-03,3.8299999237060547,3.8299999237060547,3.930000066757202,3.6700000762939453,3.7699999809265137,3283400
2025-01-06,4.010000228881836,4.010000228881836,4.139999866485596,3.9000000953674316,3.930000066757202,3938700
2025-01-07,4.059999942779541,4.059999942779541,4.190000057220459,3.9700000286102295,4.079999923706055,3053900
2025-01-08,3.9700000286102295,3.9700000286102295,4.010000228881836,3.859999895095825,3.9800000190734863,3495100
2025-01-10,3.7699999809265137,3.7699999809265137,3.8499999046325684,3.680000066757202,3.8399999141693115,3909500
2025-01-13,3.490000009536743,3.490000009536743,3.7750000953674316,3.4800000190734863,3.75,6130000
2025-01-14,3.630000114440918,3.630000114440918,3.6500000953674316,3.4100000858306885,3.559999942779541,4040900
2025-01-15,4.010000228881836,4.010000228881836,4.079999923706055,3.8399999141693115,3.859999895095825,5990000
2025-01-16,4.03000020980835,4.03000020980835,4.15500020980835,3.9549999237060547,3.9700000286102295,2698800
2025-01-17,4.03000020980835,4.03000020980835,4.159999847412109,4.010000228881836,4.059999942779541,3515000
2025-01-21,3.9700000286102295,3.9700000286102295,4.130000114440918,3.880000114440918,4.110000133514404,3447900
2025-01-22,4.019999980926514,4.019999980926514,4.099999904632568,3.890000104904175,3.890000104904175,2318400
2025-01-23,4.110000133514404,4.110000133514404,4.130000114440918,3.7699999809265137,3.9800000190734863,3581400
2025-01-24,4.179999828338623,4.179999828338623,4.199999809265137,4.050000190734863,4.110000133514404,2590600
2025-01-27,4.25,4.25,4.320000171661377,4.130000114440918,4.159999847412109,3119100
2025-01-28,4.28000020980835,4.28000020980835,4.355000019073486,4.179999828338623,4.260000228881836,2035100
2025-01-29,4.230000019073486,4.230000019073486,4.329999923706055,4.139999866485596,4.28000020980835,2485900
2025-01-30,4.230000019073486,4.230000019073486,4.329999923706055,4.210000038146973,4.269999980926514,2104200
2025-01-31,4.130000114440918,4.130000114440918,4.349999904632568,4.080999851226807,4.300000190734863,3755400
2025-02-03,4.079999923706055,4.079999923706055,4.195000171661377,3.880000114440918,3.9000000953674316,4726000
2025-02-04,4.269999980926514,4.269999980926514,4.300000190734863,4.039999961853027,4.059999942779541,3219600
2025-02-05,4.21999979019165,4.21999979019165,4.349999904632568,4.199999809265137,4.289999961853027,2908600
2025-02-06,4.300000190734863,4.300000190734863,4.460000038146973,4.235000133514404,4.28000020980835,2458100
2025-02-07,4.300000190734863,4.300000190734863,4.320000171661377,4.199999809265137,4.269999980926514,2860100
2025-02-10,4.460000038146973,4.460000038146973,4.539999961853027,4.230000019073486,4.309999942779541,4670500
2025-02-11,4.449999809265137,4.449999809265137,4.739999771118164,4.349999904632568,4.369999885559082,4111500
2025-02-12,4.260000228881836,4.260000228881836,4.375,4.130000114440918,4.320000171661377,5629500
2025-02-13,3.9000000953674316,3.9000000953674316,4.199999809265137,3.6500000953674316,3.6500000953674316,10368600
2025-02-14,4.045000076293945,4.045000076293945,4.119999885559082,3.859999895095825,3.9200000762939453,5111000
2025-02-18,4.489999771118164,4.489999771118164,4.559999942779541,4.0,4.0,7518900
2025-02-19,4.5,4.5,4.619999885559082,4.349999904632568,4.480000019073486,4131800
2025-02-20,4.5,4.5,4.650000095367432,4.460000038146973,4.510000228881836,3113500
2025-02-21,4.179999828338623,4.179999828338623,4.570000171661377,4.15500020980835,4.550000190734863,5014900
2025-02-24,4.239999771118164,4.239999771118164,4.300000190734863,4.110000133514404,4.21999979019165,4905700
2025-02-25,4.239999771118164,4.239999771118164,4.289999961853027,4.039999961853027,4.199999809265137,4224700
2025-02-26,4.110000133514404,4.110000133514404,4.460000038146973,4.010000228881836,4.28000020980835,5223100
2025-02-27,4.179999828338623,4.179999828338623,4.28000020980835,4.099999904632568,4.110000133514404,5171700
2025-02-28,4.170000076293945,4.170000076293945,4.25,4.050000190734863,4.199999809265137,3330500
